,id,team,position,cost,minutes,goals_scored,assists,clean_sheets,goals_conceded,own_goals,penalties_saved,penalties_missed,yellow_cards,red_cards,saves,bonus,bps,influence,creativity,threat,ict_index,starts,expected_goals,expected_assists,expected_goal_involvements,expected_goals_conceded,total_points,in_dreamteam
Cédric Alves Soares,1,Fulham,DEF,45,0,0,0,0,0,0,0,0,0,0,0,0,0,0.0,0.0,0.0,0.0,0,0.00,0.00,0.00,0.00,0,False
Bernd Leno,2,Fulham,GK,45,90,0,0,0,1,0,0,0,0,0,4,0,19,32.6,0.0,0.0,3.3,1,0.00,0.00,0.00,2.13,3,False
Granit Xhaka,3,Arsenal,MID,50,90,0,0,1,0,0,0,0,0,0,0,0,19,23.4,19.1,3.0,4.6,1,0.09,0.15,0.24,1.54,3,False
Mohamed Elneny,4,Arsenal,MID,45,0,0,0,0,0,0,0,0,0,0,0,0,0,0.0,0.0,0.0,0.0,0,0.00,0.00,0.00,0.00,0,False
Rob Holding,5,Arsenal,DEF,45,0,0,0,0,0,0,0,0,0,0,0,0,0,0.0,0.0,0.0,0.0,0,0.00,0.00,0.00,0.00,0,False
Thomas Partey,6,Arsenal,MID,50,90,0,0,1,0,0,0,0,0,0,0,0,12,23.2,16.1,6.0,4.5,1,0.12,0.05,0.17,1.54,3,False
Martin Ødegaard,7,Arsenal,MID,65,90,1,0,1,0,0,0,0,0,0,0,1,27,43.8,31.3,18.0,9.3,1,0.14,0.14,0.28,1.54,9,False
Kieran Tierney,8,Arsenal,DEF,50,11,0,0,0,0,0,0,0,0,0,0,0,4,2.0,3.0,0.0,0.5,0,0.00,0.00,0.00,0.35,1,False
Nicolas Pépé,9,Arsenal,MID,55,0,0,0,0,0,0,0,0,0,0,0,0,0,0.0,0.0,0.0,0.0,0,0.00,0.00,0.00,0.00,0,False
Benjamin White,10,Arsenal,DEF,45,90,0,0,1,0,0,0,0,0,0,0,2,29,23.4,9.5,0.0,3.3,1,0.00,0.05,0.05,1.54,8,False
Eddie Nketiah,11,Arsenal,FWD,70,90,0,0,1,0,0,0,0,0,0,0,0,-5,11.6,2.3,72.0,8.6,1,1.22,0.11,1.33,1.54,2,False
Emile Smith Rowe,12,Arsenal,MID,60,1,0,0,0,0,0,0,0,0,0,0,0,3,0.0,0.0,0.0,0.0,0,0.00,0.00,0.00,0.00,1,False
Bukayo Saka,13,Arsenal,MID,80,90,0,1,1,0,0,0,0,0,0,0,0,17,19.4,29.5,12.0,6.1,1,0.03,0.19,0.22,1.54,6,False
Takehiro Tomiyasu,14,Arsenal,DEF,45,4,0,0,0,0,0,0,0,0,0,0,0,5,2.0,0.1,0.0,0.2,0,0.00,0.00,0.00,0.07,1,False
Aaron Ramsdale,15,Arsenal,GK,50,90,0,0,1,0,0,0,0,0,0,7,3,36,54.2,0.0,0.0,5.4,1,0.00,0.00,0.00,1.54,11,True
Gabriel dos Santos Magalhães,16,Arsenal,DEF,50,90,0,0,1,0,0,0,0,1,0,0,0,19,16.4,0.9,2.0,1.9,1,0.00,0.01,0.01,1.54,5,False
Nuno Varela Tavares,17,Arsenal,DEF,45,0,0,0,0,0,0,0,0,0,0,0,0,0,0.0,0.0,0.0,0.0,0,0.00,0.00,0.00,0.00,0,False
Albert Sambi Lokonga,18,Crystal Palace,MID,45,0,0,0,0,0,0,0,0,0,0,0,0,0,0.0,0.0,0.0,0.0,0,0.00,0.00,0.00,0.00,0,False
Gabriel Martinelli Silva,19,Arsenal,MID,60,78,0,0,1,0,0,0,0,1,0,0,0,9,11.6,43.8,19.0,7.4,1,0.06,0.66,0.72,1.19,2,False
Pablo Marí Villar,20,Arsenal,DEF,45,0,0,0,0,0,0,0,0,0,0,0,0,0,0.0,0.0,0.0,0.0,0,0.00,0.00,0.00,0.00,0,False
Ainsley Maitland-Niles,21,Southampton,MID,50,5,0,0,0,0,0,0,0,0,0,0,0,3,1.0,0.0,0.0,0.1,0,0.00,0.00,0.00,0.12,1,False
Lucas Torreira di Pascua,22,Arsenal,MID,45,0,0,0,0,0,0,0,0,0,0,0,0,0,0.0,0.0,0.0,0.0,0,0.00,0.00,0.00,0.00,0,False
Reiss Nelson,23,Arsenal,MID,50,0,0,0,0,0,0,0,0,0,0,0,0,0,0.0,0.0,0.0,0.0,0,0.00,0.00,0.00,0.00,0,False
Matt Turner,24,Arsenal,GK,40,0,0,0,0,0,0,0,0,0,0,0,0,0,0.0,0.0,0.0,0.0,0,0.00,0.00,0.00,0.00,0,False
Fábio Ferreira Vieira,25,Arsenal,MID,60,1,0,0,0,0,0,0,0,0,0,0,0,3,0.0,0.0,0.0,0.0,0,0.00,0.00,0.00,0.00,1,False
William Saliba,26,Arsenal,DEF,45,90,0,0,1,0,0,0,0,0,0,0,0,26,13.8,0.3,0.0,1.4,1,0.00,0.00,0.00,1.54,6,False
Marcus Oliveira Alencar,27,Arsenal,MID,50,0,0,0,0,0,0,0,0,0,0,0,0,0,0.0,0.0,0.0,0.0,0,0.00,0.00,0.00,0.00,0,False
Gabriel Fernando de Jesus,28,Arsenal,FWD,80,0,0,0,0,0,0,0,0,0,0,0,0,0,0.0,0.0,0.0,0.0,0,0.00,0.00,0.00,0.00,0,False
Philippe Coutinho Correia,29,Aston Villa,MID,70,9,0,0,0,1,0,0,0,0,0,0,0,4,0.0,1.8,2.0,0.3,0,0.02,0.00,0.02,0.40,1,False
Danny Ings,30,West Ham,FWD,70,58,0,0,0,1,0,0,0,0,0,0,0,-5,12.0,1.6,26.0,4.0,0,0.41,0.00,0.41,2.01,1,False
Emiliano Martínez Romero,31,Aston Villa,GK,50,90,0,0,0,1,0,0,0,1,0,2,0,12,20.6,0.0,0.0,2.1,1,0.00,0.00,0.00,2.38,1,False
Calum Chambers,32,Aston Villa,DEF,45,0,0,0,0,0,0,0,0,0,0,0,0,0,0.0,0.0,0.0,0.0,0,0.00,0.00,0.00,0.00,0,False
Lucas Digne,33,Aston Villa,DEF,50,9,0,0,0,0,0,0,0,0,0,0,0,1,0.0,0.0,0.0,0.0,1,0.00,0.00,0.00,0.05,1,False
Bertrand Traoré,34,Aston Villa,MID,50,0,0,0,0,0,0,0,0,0,0,0,0,0,0.0,0.0,0.0,0.0,0,0.00,0.00,0.00,0.00,0,False
Robin Olsen,35,Aston Villa,GK,40,0,0,0,0,0,0,0,0,0,0,0,0,0,0.0,0.0,0.0,0.0,0,0.00,0.00,0.00,0.00,0,False
Morgan Sanson,36,Aston Villa,MID,45,9,0,0,0,1,0,0,0,0,0,0,0,3,4.2,0.2,0.0,0.4,0,0.00,0.00,0.00,0.40,1,False
John McGinn,37,Aston Villa,MID,55,0,0,0,0,0,0,0,0,0,0,0,0,0,0.0,0.0,0.0,0.0,0,0.00,0.00,0.00,0.00,0,False
Kortney Hause,38,Aston Villa,DEF,45,0,0,0,0,0,0,0,0,0,0,0,0,0,0.0,0.0,0.0,0.0,0,0.00,0.00,0.00,0.00,0,False
Tyrone Mings,39,Aston Villa,DEF,45,90,0,0,0,1,0,0,0,0,0,0,0,13,19.4,0.4,0.0,2.0,1,0.00,0.00,0.00,2.38,2,False
Ollie Watkins,40,Aston Villa,FWD,75,31,0,0,0,0,0,0,0,0,0,0,0,2,0.0,0.1,0.0,0.0,1,0.00,0.00,0.00,0.38,1,False
Marvelous Nakamba,41,Aston Villa,MID,45,0,0,0,0,0,0,0,0,0,0,0,0,0,0.0,0.0,0.0,0.0,0,0.00,0.00,0.00,0.00,0,False
Emiliano Buendía Stati,42,Aston Villa,MID,60,80,1,0,1,0,0,0,0,0,0,0,3,30,42.8,0.6,17.0,6.0,1,0.30,0.00,0.30,1.98,11,False
Matty Cash,43,Aston Villa,DEF,50,0,0,0,0,0,0,0,0,0,0,0,0,0,0.0,0.0,0.0,0.0,0,0.00,0.00,0.00,0.00,0,False
Ezri Konsa Ngoyo,44,Aston Villa,DEF,45,90,0,0,0,1,0,0,0,0,0,0,0,17,32.4,0.3,0.0,3.3,1,0.00,0.00,0.00,2.38,2,False
Leon Bailey,45,Aston Villa,MID,50,90,1,1,0,1,0,0,0,0,0,0,2,27,45.0,0.8,33.0,7.9,1,0.28,0.00,0.28,2.38,12,True
Douglas Luiz Soares de Paulo,46,Aston Villa,MID,50,90,0,0,0,1,0,0,0,0,0,0,0,11,21.4,24.8,5.0,5.1,1,0.15,0.22,0.37,2.38,2,False
Jacob Ramsey,47,Aston Villa,MID,55,80,0,0,1,0,0,0,0,0,0,0,0,11,10.2,21.8,0.0,3.2,1,0.00,0.07,0.07,1.98,3,False
Carney Chukwuemeka,48,Chelsea,MID,45,62,0,0,1,0,0,0,0,0,0,0,0,10,6.4,7.2,7.0,2.1,1,0.03,0.03,0.06,0.47,3,False
Tim Iroegbunam,49,Aston Villa,MID,45,0,0,0,0,0,0,0,0,0,0,0,0,0,0.0,0.0,0.0,0.0,0,0.00,0.00,0.00,0.00,0,False
Diego Carlos Santos Silva,50,Aston Villa,DEF,50,0,0,0,0,0,0,0,0,0,0,0,0,0,0.0,0.0,0.0,0.0,0,0.00,0.00,0.00,0.00,0,False
Anwar El Ghazi,51,Aston Villa,MID,50,0,0,0,0,0,0,0,0,0,0,0,0,0,0.0,0.0,0.0,0.0,0,0.00,0.00,0.00,0.00,0,False
Keinan Davis,52,Aston Villa,FWD,55,0,0,0,0,0,0,0,0,0,0,0,0,0,0.0,0.0,0.0,0.0,0,0.00,0.00,0.00,0.00,0,False
Boubacar Kamara,53,Aston Villa,MID,50,90,0,1,0,1,0,0,0,1,0,0,0,22,39.8,13.3,0.0,5.3,1,0.00,0.02,0.02,2.38,4,False
Cameron Archer,54,Aston Villa,FWD,45,0,0,0,0,0,0,0,0,0,0,0,0,0,0.0,0.0,0.0,0.0,0,0.00,0.00,0.00,0.00,0,False
Jaden Philogene-Bidace,55,Aston Villa,MID,45,0,0,0,0,0,0,0,0,0,0,0,0,0,0.0,0.0,0.0,0.0,0,0.00,0.00,0.00,0.00,0,False
Frédéric Guilbert,56,Aston Villa,DEF,40,0,0,0,0,0,0,0,0,0,0,0,0,0,0.0,0.0,0.0,0.0,0,0.00,0.00,0.00,0.00,0,False
Adam Smith,57,Bournemouth,DEF,45,0,0,0,0,0,0,0,0,0,0,0,0,0,0.0,0.0,0.0,0.0,0,0.00,0.00,0.00,0.00,0,False
Junior Stanislas,58,Bournemouth,MID,50,0,0,0,0,0,0,0,0,0,0,0,0,0,0.0,0.0,0.0,0.0,0,0.00,0.00,0.00,0.00,0,False
Ryan Fredericks,59,Bournemouth,DEF,45,0,0,0,0,0,0,0,0,0,0,0,0,0,0.0,0.0,0.0,0.0,0,0.00,0.00,0.00,0.00,0,False
David Brooks,60,Bournemouth,MID,55,0,0,0,0,0,0,0,0,0,0,0,0,0,0.0,0.0,0.0,0.0,0,0.00,0.00,0.00,0.00,0,False
Jamal Lowe,61,Bournemouth,MID,55,0,0,0,0,0,0,0,0,0,0,0,0,0,0.0,0.0,0.0,0.0,0,0.00,0.00,0.00,0.00,0,False
Kieffer Moore,62,Bournemouth,FWD,55,90,0,0,0,2,0,0,0,0,0,0,0,5,1.2,0.4,17.0,1.9,1,0.28,0.00,0.28,1.47,2,False
Emiliano Marcondes,63,Bournemouth,MID,50,0,0,0,0,0,0,0,0,0,0,0,0,0,0.0,0.0,0.0,0.0,0,0.00,0.00,0.00,0.00,0,False
Jefferson Lerma Solís,64,Bournemouth,MID,50,90,0,0,0,2,0,0,0,0,0,0,0,12,13.8,4.3,0.0,1.8,1,0.00,0.03,0.03,1.47,2,False
Jack Stacey,65,Bournemouth,DEF,45,90,0,0,0,2,0,0,0,0,0,0,0,6,14.8,2.3,0.0,1.7,1,0.00,0.01,0.01,1.47,1,False
Dominic Solanke,66,Bournemouth,FWD,60,0,0,0,0,0,0,0,0,0,0,0,0,0,0.0,0.0,0.0,0.0,0,0.00,0.00,0.00,0.00,0,False
Lewis Cook,67,Bournemouth,MID,50,34,0,0,0,0,0,0,0,0,0,0,0,3,7.6,0.5,0.0,0.8,1,0.00,0.00,0.00,0.07,1,False
Ben Pearson,68,Bournemouth,MID,45,55,0,0,0,2,0,0,0,0,0,0,0,8,6.8,3.2,2.0,1.2,0,0.02,0.01,0.03,1.40,1,False
Ryan Christie,69,Bournemouth,MID,55,90,0,0,0,2,0,0,0,0,0,0,0,11,15.6,17.3,2.0,3.5,1,0.00,0.20,0.20,1.47,2,False
Philip Billing,70,Bournemouth,MID,55,90,0,0,0,2,0,0,0,0,0,0,0,14,17.8,42.3,21.0,8.1,1,0.06,0.18,0.24,1.47,2,False
Chris Mepham,71,Bournemouth,DEF,45,90,0,0,0,2,0,0,0,0,0,0,0,13,16.8,11.3,0.0,2.8,1,0.00,0.02,0.02,1.47,1,False
Mark Travers,72,Bournemouth,GK,45,0,0,0,0,0,0,0,0,0,0,0,0,0,0.0,0.0,0.0,0.0,0,0.00,0.00,0.00,0.00,0,False
Lloyd Kelly,73,Bournemouth,DEF,45,90,0,0,0,2,0,0,0,0,0,0,0,14,22.6,2.1,0.0,2.5,1,0.00,0.01,0.01,1.47,1,False
Siriki Dembélé,74,Bournemouth,MID,50,24,0,0,0,1,0,0,0,0,0,0,0,2,4.2,0.5,17.0,2.2,0,0.12,0.00,0.12,0.42,1,False
Jaidon Anthony,75,Bournemouth,MID,55,65,0,0,0,1,0,0,0,0,0,0,0,7,10.6,3.6,6.0,2.0,1,0.00,0.04,0.04,1.05,2,False
Jordan Zemura,76,Bournemouth,DEF,45,0,0,0,0,0,0,0,0,0,0,0,0,0,0.0,0.0,0.0,0.0,0,0.00,0.00,0.00,0.00,0,False
Will Dennis,77,Bournemouth,GK,40,0,0,0,0,0,0,0,0,0,0,0,0,0,0.0,0.0,0.0,0.0,0,0.00,0.00,0.00,0.00,0,False
Pontus Jansson,78,Brentford,DEF,45,0,0,0,0,0,0,0,0,0,0,0,0,0,0.0,0.0,0.0,0.0,0,0.00,0.00,0.00,0.00,0,False
Christian Nørgaard,79,Brentford,MID,55,90,0,0,1,0,0,0,0,0,0,0,0,16,16.0,1.5,17.0,3.5,1,0.06,0.01,0.07,0.47,3,False
Ivan Toney,80,Brentford,FWD,70,81,1,0,1,0,0,0,0,0,0,0,3,32,31.0,1.1,23.0,5.5,1,0.81,0.00,0.81,0.45,9,False
David Raya Martin,81,Brentford,GK,45,90,0,0,1,0,0,0,0,1,0,2,0,21,13.6,0.0,0.0,1.4,1,0.00,0.00,0.00,0.47,5,False
Sergi Canós Tenés,82,Brentford,DEF,50,0,0,0,0,0,0,0,0,0,0,0,0,0,0.0,0.0,0.0,0.0,0,0.00,0.00,0.00,0.00,0,False
Josh Dasilva,83,Brentford,MID,45,81,0,1,1,0,0,0,0,0,0,0,0,18,22.2,26.0,9.0,5.7,1,0.12,0.11,0.23,0.45,6,False
Kristoffer Ajer,84,Brentford,DEF,45,81,0,0,1,0,0,0,0,0,0,0,0,19,8.6,16.0,4.0,2.9,1,0.00,0.02,0.02,0.45,6,False
Rico Henry,85,Brentford,DEF,45,0,0,0,0,0,0,0,0,0,0,0,0,0,0.0,0.0,0.0,0.0,0,0.00,0.00,0.00,0.00,0,False
Vitaly Janelt,86,Brentford,MID,55,90,0,0,1,0,0,0,0,0,0,0,0,14,21.0,16.7,3.0,4.1,1,0.04,0.04,0.08,0.47,3,False
Saman Ghoddos,87,Brentford,MID,50,0,0,0,0,0,0,0,0,0,0,0,0,0,0.0,0.0,0.0,0.0,0,0.00,0.00,0.00,0.00,0,False
Mathias Jensen,88,Brentford,MID,50,90,1,0,1,0,0,0,0,0,0,0,2,29,43.2,4.1,19.0,6.6,1,0.19,0.04,0.23,0.47,10,False
Yoane Wissa,89,Brentford,MID,55,70,0,0,1,0,0,0,0,0,0,0,0,4,1.8,1.7,4.0,0.8,1,0.07,0.05,0.12,0.41,3,False
Mads Roerslev Rasmussen,90,Brentford,DEF,45,19,0,0,0,0,0,0,0,0,0,0,0,7,7.4,14.7,0.0,2.2,0,0.00,0.10,0.10,0.06,1,False
Mads Bech Sørensen,91,Brentford,DEF,45,0,0,0,0,0,0,0,0,0,0,0,0,0,0.0,0.0,0.0,0.0,0,0.00,0.00,0.00,0.00,0,False
Ethan Pinnock,92,Brentford,DEF,45,90,0,0,1,0,0,0,0,0,0,0,0,25,21.8,0.4,6.0,2.8,1,0.00,0.00,0.00,0.47,6,False
Frank Onyeka,93,Brentford,MID,50,0,0,0,0,0,0,0,0,0,0,0,0,0,0.0,0.0,0.0,0.0,0,0.00,0.00,0.00,0.00,0,False
Shandon Baptiste,94,Brentford,MID,45,0,0,0,0,0,0,0,0,0,0,0,0,0,0.0,0.0,0.0,0.0,0,0.00,0.00,0.00,0.00,0,False
Bryan Mbeumo,95,Brentford,FWD,60,88,0,0,1,0,0,0,0,0,0,0,0,3,7.8,4.2,9.0,2.1,1,0.04,0.01,0.05,0.45,2,False
Charlie Goode,96,Brentford,DEF,40,0,0,0,0,0,0,0,0,0,0,0,0,0,0.0,0.0,0.0,0.0,0,0.00,0.00,0.00,0.00,0,False
Marcus Forss,97,Brentford,FWD,45,0,0,0,0,0,0,0,0,0,0,0,0,0,0.0,0.0,0.0,0.0,0,0.00,0.00,0.00,0.00,0,False
Dominic Thompson,98,Brentford,DEF,40,0,0,0,0,0,0,0,0,0,0,0,0,0,0.0,0.0,0.0,0.0,0,0.00,0.00,0.00,0.00,0,False
Mads Bidstrup,99,Brentford,MID,45,0,0,0,0,0,0,0,0,0,0,0,0,0,0.0,0.0,0.0,0.0,0,0.00,0.00,0.00,0.00,0,False
Ellery Balcombe,100,Brentford,GK,40,0,0,0,0,0,0,0,0,0,0,0,0,0,0.0,0.0,0.0,0.0,0,0.00,0.00,0.00,0.00,0,False
Adam Lallana,101,Brighton,MID,50,65,0,0,1,0,0,0,0,0,0,0,0,5,4.0,23.9,9.0,3.7,1,0.05,0.08,0.13,0.89,3,False
Jason Steele,102,Brighton,GK,40,0,0,0,0,0,0,0,0,0,0,0,0,0,0.0,0.0,0.0,0.0,0,0.00,0.00,0.00,0.00,0,False
Danny Welbeck,103,Brighton,FWD,65,24,1,0,0,0,0,0,0,0,0,0,0,29,38.6,1.8,38.0,7.8,0,0.72,0.02,0.74,0.13,5,False
Pascal Groß,104,Brighton,MID,55,90,0,0,1,0,0,0,0,0,0,0,0,11,16.2,30.7,2.0,4.9,1,0.00,0.16,0.16,1.03,3,False
Shane Duffy,105,Fulham,DEF,45,0,0,0,0,0,0,0,0,0,0,0,0,0,0.0,0.0,0.0,0.0,0,0.00,0.00,0.00,0.00,0,False
Lewis Dunk,106,Brighton,DEF,45,90,0,0,1,0,0,0,0,1,0,0,0,24,16.4,0.8,0.0,1.7,1,0.00,0.01,0.01,1.00,5,False
Solly March,107,Brighton,MID,50,90,2,1,1,0,0,0,0,0,0,0,3,50,91.0,43.5,66.0,20.1,1,0.89,0.17,1.06,1.03,19,True
Adam Webster,108,Brighton,DEF,45,1,0,0,0,0,0,0,0,0,0,0,0,2,0.0,0.0,7.0,0.5,0,0.04,0.00,0.04,0.02,1,False
Joël Veltman,109,Brighton,DEF,45,24,0,0,0,0,0,0,0,0,0,0,0,9,9.4,0.4,0.0,1.0,0,0.00,0.00,0.00,0.13,1,False
Neal Maupay,110,Everton,FWD,65,0,0,0,0,0,0,0,0,0,0,0,0,0,0.0,0.0,0.0,0.0,0,0.00,0.00,0.00,0.00,0,False
Leandro Trossard,111,Arsenal,MID,65,0,0,0,0,0,0,0,0,0,0,0,0,0,0.0,0.0,0.0,0.0,0,0.00,0.00,0.00,0.00,0,False
Marc Cucurella Saseta,112,Chelsea,DEF,50,0,0,0,0,0,0,0,0,0,0,0,0,0,0.0,0.0,0.0,0.0,0,0.00,0.00,0.00,0.00,0,False
Robert Sánchez,113,Brighton,GK,45,90,0,0,1,0,0,0,0,0,0,2,1,30,23.8,0.0,0.0,2.4,1,0.00,0.00,0.00,1.03,7,False
Tariq Lamptey,114,Brighton,DEF,45,1,0,0,0,0,0,0,0,0,0,0,0,3,0.0,0.0,0.0,0.0,0,0.00,0.00,0.00,0.02,1,False
Steven Alzate,115,Brighton,MID,45,0,0,0,0,0,0,0,0,0,0,0,0,0,0.0,0.0,0.0,0.0,0,0.00,0.00,0.00,0.00,0,False
Alexis Mac Allister,116,Brighton,MID,55,82,0,0,1,0,0,0,0,0,0,0,0,15,10.8,18.2,37.0,6.6,1,0.20,0.05,0.25,1.00,3,False
Jakub Moder,117,Brighton,MID,45,0,0,0,0,0,0,0,0,0,0,0,0,0,0.0,0.0,0.0,0.0,0,0.00,0.00,0.00,0.00,0,False
Enock Mwepu,118,Brighton,MID,55,0,0,0,0,0,0,0,0,0,0,0,0,0,0.0,0.0,0.0,0.0,0,0.00,0.00,0.00,0.00,0,False
Jeremy Sarmiento Morante,119,Brighton,MID,45,7,0,0,0,0,0,0,0,0,0,0,0,4,4.4,2.9,9.0,1.6,0,0.02,0.01,0.03,0.02,1,False
Moisés Caicedo Corozo,120,Brighton,MID,50,90,0,0,1,0,0,0,0,0,0,0,0,19,13.4,12.8,0.0,2.6,1,0.00,0.04,0.04,1.03,3,False
Taylor Richards,121,Brighton,MID,45,0,0,0,0,0,0,0,0,0,0,0,0,0,0.0,0.0,0.0,0.0,0,0.00,0.00,0.00,0.00,0,False
Haydon Roberts,122,Brighton,DEF,40,0,0,0,0,0,0,0,0,0,0,0,0,0,0.0,0.0,0.0,0.0,0,0.00,0.00,0.00,0.00,0,False
Deniz Undav,123,Brighton,FWD,55,0,0,0,0,0,0,0,0,0,0,0,0,0,0.0,0.0,0.0,0.0,0,0.00,0.00,0.00,0.00,0,False
Kaoru Mitoma,124,Brighton,MID,50,89,0,1,1,0,0,0,0,0,0,0,0,15,4.0,4.3,39.0,4.7,1,0.25,0.07,0.32,1.00,6,False
Julio Enciso,125,Brighton,FWD,50,0,0,0,0,0,0,0,0,0,0,0,0,0,0.0,0.0,0.0,0.0,0,0.00,0.00,0.00,0.00,0,False
Kacper Kozłowski,126,Brighton,MID,45,0,0,0,0,0,0,0,0,0,0,0,0,0,0.0,0.0,0.0,0.0,0,0.00,0.00,0.00,0.00,0,False
César Azpilicueta,127,Chelsea,DEF,50,1,0,0,0,0,0,0,0,0,0,0,0,3,1.0,0.0,0.0,0.1,0,0.00,0.00,0.00,0.04,1,False
Thiago Emiliano da Silva,128,Chelsea,DEF,55,90,0,0,1,0,0,0,0,0,0,0,2,28,32.8,0.9,8.0,4.2,1,0.00,0.01,0.01,0.58,8,False
Marcos Alonso,129,Chelsea,DEF,55,0,0,0,0,0,0,0,0,0,0,0,0,0,0.0,0.0,0.0,0.0,0,0.00,0.00,0.00,0.00,0,False
Jorge Luiz Frello Filho,130,Arsenal,MID,60,90,0,0,1,0,0,0,0,1,0,0,0,10,17.0,4.4,0.0,2.1,1,0.00,0.04,0.04,0.58,2,False
Ross Barkley,131,Chelsea,MID,50,0,0,0,0,0,0,0,0,0,0,0,0,0,0.0,0.0,0.0,0.0,0,0.00,0.00,0.00,0.00,0,False
Mateo Kovacic,132,Chelsea,MID,50,1,0,0,0,0,0,0,0,0,0,0,0,2,2.0,0.3,0.0,0.2,0,0.00,0.00,0.00,0.04,1,False
Kepa Arrizabalaga,133,Chelsea,GK,45,90,0,0,1,0,0,0,0,0,0,5,3,30,38.0,0.0,0.0,3.8,1,0.00,0.00,0.00,0.58,10,False
N'Golo Kanté,134,Chelsea,MID,50,0,0,0,0,0,0,0,0,0,0,0,0,0,0.0,0.0,0.0,0.0,0,0.00,0.00,0.00,0.00,0,False
Hakim Ziyech,135,Chelsea,MID,60,88,0,1,1,0,0,0,0,0,0,0,0,26,40.8,44.5,30.0,11.5,1,0.11,0.34,0.45,0.58,6,False
Ruben Loftus-Cheek,136,Chelsea,MID,50,0,0,0,0,0,0,0,0,0,0,0,0,0,0.0,0.0,0.0,0.0,0,0.00,0.00,0.00,0.00,0,False
Timo Werner,137,Chelsea,FWD,80,0,0,0,0,0,0,0,0,0,0,0,0,0,0.0,0.0,0.0,0.0,0,0.00,0.00,0.00,0.00,0,False
Robert Kenedy Nunes do Nascimento,138,Chelsea,DEF,40,0,0,0,0,0,0,0,0,0,0,0,0,0,0.0,0.0,0.0,0.0,0,0.00,0.00,0.00,0.00,0,False
Ben Chilwell,139,Chelsea,DEF,60,0,0,0,0,0,0,0,0,0,0,0,0,0,0.0,0.0,0.0,0.0,0,0.00,0.00,0.00,0.00,0,False
Christian Pulisic,140,Chelsea,MID,60,0,0,0,0,0,0,0,0,0,0,0,0,0,0.0,0.0,0.0,0.0,0,0.00,0.00,0.00,0.00,0,False
Trevoh Chalobah,141,Chelsea,DEF,50,90,0,0,1,0,0,0,0,0,0,0,0,26,21.4,2.3,4.0,2.8,1,0.00,0.01,0.01,0.58,6,False
Mason Mount,142,Chelsea,MID,80,90,0,0,1,0,0,0,0,0,0,0,0,16,7.4,34.9,10.0,5.2,1,0.03,0.56,0.59,0.58,3,False
Malang Sarr,143,Chelsea,DEF,50,0,0,0,0,0,0,0,0,0,0,0,0,0,0.0,0.0,0.0,0.0,0,0.00,0.00,0.00,0.00,0,False
Callum Hudson-Odoi,144,Chelsea,MID,55,0,0,0,0,0,0,0,0,0,0,0,0,0,0.0,0.0,0.0,0.0,0,0.00,0.00,0.00,0.00,0,False
Kai Havertz,145,Chelsea,FWD,80,88,1,0,1,0,0,0,0,0,0,0,0,13,32.2,3.7,57.0,9.3,1,1.21,0.01,1.22,0.58,6,False
Reece James,146,Chelsea,DEF,60,0,0,0,0,0,0,0,0,0,0,0,0,0,0.0,0.0,0.0,0.0,0,0.00,0.00,0.00,0.00,0,False
Edouard Mendy,147,Chelsea,GK,50,0,0,0,0,0,0,0,0,0,0,0,0,0,0.0,0.0,0.0,0.0,0,0.00,0.00,0.00,0.00,0,False
Conor Gallagher,148,Chelsea,MID,60,90,0,0,1,0,0,0,0,1,0,0,0,20,33.6,43.0,6.0,8.3,1,0.00,0.11,0.11,0.58,2,False
Billy Gilmour,149,Brighton,MID,45,0,0,0,0,0,0,0,0,0,0,0,0,0,0.0,0.0,0.0,0.0,0,0.00,0.00,0.00,0.00,0,False
Armando Broja,150,Chelsea,FWD,55,0,0,0,0,0,0,0,0,0,0,0,0,0,0.0,0.0,0.0,0.0,0,0.00,0.00,0.00,0.00,0,False
Ethan Ampadu,151,Chelsea,DEF,45,0,0,0,0,0,0,0,0,0,0,0,0,0,0.0,0.0,0.0,0.0,0,0.00,0.00,0.00,0.00,0,False
Vicente Guaita,152,Crystal Palace,GK,45,180,0,0,0,2,0,0,0,0,0,7,0,32,50.8,0.0,0.0,5.0,2,0.00,0.01,0.01,3.75,6,False
James Tomkins,153,Crystal Palace,DEF,40,52,0,0,0,1,0,0,0,0,0,0,0,5,9.4,0.3,2.0,1.2,0,0.04,0.00,0.04,1.35,1,False
James McArthur,154,Crystal Palace,MID,50,0,0,0,0,0,0,0,0,0,0,0,0,0,0.0,0.0,0.0,0.0,0,0.00,0.00,0.00,0.00,0,False
Christian Benteke,155,Crystal Palace,FWD,55,0,0,0,0,0,0,0,0,0,0,0,0,0,0.0,0.0,0.0,0.0,0,0.00,0.00,0.00,0.00,0,False
Joel Ward,156,Crystal Palace,DEF,45,0,0,0,0,0,0,0,0,0,0,0,0,0,0.0,0.0,0.0,0.0,0,0.00,0.00,0.00,0.00,0,False
Nathaniel Clyne,157,Crystal Palace,DEF,45,180,0,0,0,2,0,0,0,1,0,0,0,18,27.8,23.7,4.0,5.5,2,0.00,0.17,0.17,3.75,3,False
Luka Milivojevic,158,Crystal Palace,MID,45,6,0,0,0,0,0,0,0,0,0,0,0,5,2.0,0.1,0.0,0.2,0,0.00,0.00,0.00,0.82,1,False
Jordan Ayew,159,Crystal Palace,MID,55,87,0,0,0,1,0,0,0,0,0,0,0,1,14.6,7.8,2.0,2.4,1,0.00,0.02,0.02,1.56,3,False
Wilfried Zaha,160,Crystal Palace,MID,70,180,0,0,0,2,0,0,0,0,0,0,0,3,21.4,17.4,39.0,7.8,2,0.10,0.14,0.24,3.75,4,False
Jeffrey Schlupp,161,Crystal Palace,MID,50,87,0,1,0,1,0,0,0,0,0,0,0,19,10.8,1.7,33.0,4.6,1,0.14,0.01,0.15,1.56,6,False
Jack Butland,162,Man Utd,GK,45,0,0,0,0,0,0,0,0,0,0,0,0,0,0.0,0.0,0.0,0.0,0,0.00,0.00,0.00,0.00,0,False
Will Hughes,163,Crystal Palace,MID,50,104,0,0,0,1,0,0,0,2,0,0,0,2,19.2,3.0,2.0,2.3,1,0.00,0.03,0.03,2.18,1,False
Jairo Riedewald,164,Crystal Palace,MID,45,0,0,0,0,0,0,0,0,0,0,0,0,0,0.0,0.0,0.0,0.0,0,0.00,0.00,0.00,0.00,0,False
Joachim Andersen,165,Crystal Palace,DEF,45,37,0,0,0,0,0,0,0,0,0,0,0,3,6.2,0.4,0.0,0.7,1,0.00,0.00,0.00,0.29,1,False
Odsonne Edouard,166,Crystal Palace,FWD,55,91,0,0,0,1,0,0,0,0,0,0,0,1,14.8,6.1,29.0,4.8,1,0.20,0.03,0.23,2.18,3,False
Marc Guéhi,167,Crystal Palace,DEF,45,180,0,0,0,2,0,0,0,1,0,0,0,31,45.0,11.7,19.0,7.6,2,0.09,0.05,0.14,3.75,3,False
Jean-Philippe Mateta,168,Crystal Palace,FWD,55,76,0,0,0,1,0,0,0,0,0,0,0,0,4.0,2.0,19.0,2.6,1,0.09,0.05,0.14,2.16,2,False
Eberechi Eze,169,Crystal Palace,MID,55,103,0,0,0,1,0,0,0,1,0,0,0,4,4.6,20.1,14.0,3.9,1,0.12,0.13,0.25,1.59,2,False
Tyrick Mitchell,170,Crystal Palace,DEF,45,180,0,0,0,2,0,0,0,0,0,0,0,17,41.0,2.9,35.0,7.9,2,0.25,0.02,0.27,3.75,4,False
Michael Olise,171,Crystal Palace,MID,55,180,1,0,0,2,0,0,0,0,0,0,2,36,64.6,84.3,26.0,17.5,2,0.08,0.25,0.33,3.75,11,False
Jesurun Rak-Sakyi,172,Crystal Palace,MID,45,0,0,0,0,0,0,0,0,0,0,0,0,0,0.0,0.0,0.0,0.0,0,0.00,0.00,0.00,0.00,0,False
Malcolm Ebiowei,173,Crystal Palace,MID,45,0,0,0,0,0,0,0,0,0,0,0,0,0,0.0,0.0,0.0,0.0,0,0.00,0.00,0.00,0.00,0,False
Nathan Ferguson,174,Crystal Palace,DEF,40,0,0,0,0,0,0,0,0,0,0,0,0,0,0.0,0.0,0.0,0.0,0,0.00,0.00,0.00,0.00,0,False
Sam Johnstone,175,Crystal Palace,GK,45,0,0,0,0,0,0,0,0,0,0,0,0,0,0.0,0.0,0.0,0.0,0,0.00,0.00,0.00,0.00,0,False
Asmir Begović,176,Everton,GK,40,0,0,0,0,0,0,0,0,0,0,0,0,0,0.0,0.0,0.0,0.0,0,0.00,0.00,0.00,0.00,0,False
Salomón Rondón,177,Everton,FWD,50,0,0,0,0,0,0,0,0,0,0,0,0,0,0.0,0.0,0.0,0.0,0,0.00,0.00,0.00,0.00,0,False
Seamus Coleman,178,Everton,DEF,45,68,0,0,0,1,0,0,0,0,0,0,0,7,13.2,6.3,0.0,2.0,1,0.00,0.02,0.02,1.15,2,False
Andros Townsend,179,Everton,MID,55,0,0,0,0,0,0,0,0,0,0,0,0,0,0.0,0.0,0.0,0.0,0,0.00,0.00,0.00,0.00,0,False
Michael Keane,180,Everton,DEF,45,0,0,0,0,0,0,0,0,0,0,0,0,0,0.0,0.0,0.0,0.0,0,0.00,0.00,0.00,0.00,0,False
Dele Alli,181,Everton,MID,55,0,0,0,0,0,0,0,0,0,0,0,0,0,0.0,0.0,0.0,0.0,0,0.00,0.00,0.00,0.00,0,False
Jordan Pickford,182,Everton,GK,45,90,0,0,0,2,0,0,0,0,0,3,0,16,24.2,0.0,0.0,2.4,1,0.00,0.01,0.01,1.24,2,False
Allan Marques Loureiro,183,Everton,MID,50,0,0,0,0,0,0,0,0,0,0,0,0,0,0.0,0.0,0.0,0.0,0,0.00,0.00,0.00,0.00,0,False
André Tavares Gomes,184,Everton,MID,45,0,0,0,0,0,0,0,0,0,0,0,0,0,0.0,0.0,0.0,0.0,0,0.00,0.00,0.00,0.00,0,False
Abdoulaye Doucouré,185,Everton,MID,55,0,0,0,0,0,0,0,0,0,0,0,0,0,0.0,0.0,0.0,0.0,0,0.00,0.00,0.00,0.00,0,False
Alex Iwobi,186,Everton,MID,55,90,0,0,0,2,0,0,0,0,0,0,0,11,10.2,19.9,3.0,3.3,1,0.06,0.07,0.13,1.24,2,False
Jean-Philippe Gbamin,187,Everton,MID,45,0,0,0,0,0,0,0,0,0,0,0,0,0,0.0,0.0,0.0,0.0,0,0.00,0.00,0.00,0.00,0,False
Yerry Mina,188,Everton,DEF,45,0,0,0,0,0,0,0,0,0,0,0,0,0,0.0,0.0,0.0,0.0,0,0.00,0.00,0.00,0.00,0,False
Demarai Gray,189,Everton,MID,55,90,0,1,0,2,0,0,0,0,0,0,0,15,27.6,39.2,15.0,8.2,1,0.28,0.15,0.43,1.24,5,False
Tom Davies,190,Everton,MID,50,0,0,0,0,0,0,0,0,0,0,0,0,0,0.0,0.0,0.0,0.0,0,0.00,0.00,0.00,0.00,0,False
Dominic Calvert-Lewin,191,Everton,FWD,80,90,0,0,0,2,0,0,0,0,0,0,0,4,7.8,13.3,30.0,5.1,1,0.19,0.01,0.20,1.24,2,False
Mason Holgate,192,Everton,DEF,45,0,0,0,0,0,0,0,0,0,0,0,0,0,0.0,0.0,0.0,0.0,0,0.00,0.00,0.00,0.00,0,False
Ben Godfrey,193,Everton,DEF,45,90,0,0,0,2,0,0,0,0,0,0,0,6,12.8,11.6,11.0,3.5,1,0.56,0.03,0.59,1.24,1,False
Vitalii Mykolenko,194,Everton,DEF,45,90,0,0,0,2,0,0,0,0,0,0,0,14,17.2,12.6,4.0,3.4,1,0.00,0.06,0.06,1.24,1,False
Anthony Gordon,195,Newcastle,MID,55,21,0,0,0,1,0,0,0,0,0,0,0,2,1.2,0.8,4.0,0.6,0,0.00,0.00,0.00,0.10,1,False
Jarrad Branthwaite,196,Everton,DEF,40,0,0,0,0,0,0,0,0,0,0,0,0,0,0.0,0.0,0.0,0.0,0,0.00,0.00,0.00,0.00,0,False
Nathan Patterson,197,Everton,DEF,40,0,0,0,0,0,0,0,0,0,0,0,0,0,0.0,0.0,0.0,0.0,0,0.00,0.00,0.00,0.00,0,False
Niels Nkounkou,198,Everton,DEF,40,0,0,0,0,0,0,0,0,0,0,0,0,0,0.0,0.0,0.0,0.0,0,0.00,0.00,0.00,0.00,0,False
James Tarkowski,199,Everton,DEF,45,90,0,0,0,2,0,0,0,0,0,0,0,15,20.0,10.8,5.0,3.6,1,0.12,0.01,0.13,1.24,1,False
Tom Cairney,200,Fulham,MID,50,1,0,0,0,0,0,0,0,0,0,0,0,3,0.0,0.1,0.0,0.0,0,0.00,0.00,0.00,0.00,1,False
Tim Ream,201,Fulham,DEF,45,90,0,0,0,1,0,0,0,1,0,0,0,8,7.4,0.4,2.0,1.0,1,0.00,0.00,0.00,2.13,1,False
Anthony Knockaert,202,Fulham,MID,50,0,0,0,0,0,0,0,0,0,0,0,0,0,0.0,0.0,0.0,0.0,0,0.00,0.00,0.00,0.00,0,False
Nathaniel Chalobah,203,Fulham,MID,45,0,0,0,0,0,0,0,0,0,0,0,0,0,0.0,0.0,0.0,0.0,0,0.00,0.00,0.00,0.00,0,False
Neeskens Kebano,204,Fulham,MID,55,0,0,0,0,0,0,0,0,0,0,0,0,0,0.0,0.0,0.0,0.0,0,0.00,0.00,0.00,0.00,0,False
Bobby De Cordova-Reid,205,Fulham,MID,55,90,0,0,0,1,0,0,0,0,0,0,0,8,7.8,1.0,6.0,1.5,1,0.00,0.03,0.03,2.13,2,False
Joe Bryan,206,Fulham,DEF,45,0,0,0,0,0,0,0,0,0,0,0,0,0,0.0,0.0,0.0,0.0,0,0.00,0.00,0.00,0.00,0,False
Paulo Gazzaniga Farias,207,Fulham,GK,40,0,0,0,0,0,0,0,0,0,0,0,0,0,0.0,0.0,0.0,0.0,0,0.00,0.00,0.00,0.00,0,False
Terence Kongolo,208,Fulham,DEF,40,0,0,0,0,0,0,0,0,0,0,0,0,0,0.0,0.0,0.0,0.0,0,0.00,0.00,0.00,0.00,0,False
Tosin Adarabioyo,209,Fulham,DEF,45,13,0,0,0,1,0,0,0,0,0,0,0,3,0.0,0.0,0.0,0.0,0,0.00,0.00,0.00,0.95,1,False
Aleksandar Mitrović,210,Fulham,FWD,65,90,0,0,0,1,0,0,1,0,0,0,0,-16,0.0,2.0,17.0,1.6,1,1.06,0.00,1.06,2.13,0,False
Harrison Reed,211,Fulham,MID,45,90,0,0,0,1,0,0,0,0,0,0,0,6,12.4,1.3,2.0,1.6,1,0.00,0.01,0.01,2.13,2,False
Harry Wilson,212,Fulham,MID,60,1,0,0,0,0,0,0,0,0,0,0,0,3,2.0,0.0,0.0,0.2,0,0.00,0.00,0.00,0.00,1,False
Marek Rodák,213,Fulham,GK,45,0,0,0,0,0,0,0,0,0,0,0,0,0,0.0,0.0,0.0,0.0,0,0.00,0.00,0.00,0.00,0,False
Ivan Neves Abreu Cavaleiro,214,Fulham,MID,50,0,0,0,0,0,0,0,0,0,0,0,0,0,0.0,0.0,0.0,0.0,0,0.00,0.00,0.00,0.00,0,False
Kenny Tete,215,Fulham,DEF,45,90,0,0,0,1,0,0,0,0,0,0,0,14,20.6,0.3,1.0,2.2,1,0.05,0.00,0.05,2.13,2,False
Josh Onomah,216,Fulham,MID,45,0,0,0,0,0,0,0,0,0,0,0,0,0,0.0,0.0,0.0,0.0,0,0.00,0.00,0.00,0.00,0,False
Antonee Robinson,217,Fulham,DEF,45,0,0,0,0,0,0,0,0,0,0,0,0,0,0.0,0.0,0.0,0.0,0,0.00,0.00,0.00,0.00,0,False
Rodrigo Muniz Carvalho,218,Fulham,FWD,55,0,0,0,0,0,0,0,0,0,0,0,0,0,0.0,0.0,0.0,0.0,0,0.00,0.00,0.00,0.00,0,False
Jay Stansfield,219,Fulham,FWD,45,0,0,0,0,0,0,0,0,0,0,0,0,0,0.0,0.0,0.0,0.0,0,0.00,0.00,0.00,0.00,0,False
João Palhinha Gonçalves,220,Fulham,MID,50,90,0,0,0,1,0,0,0,0,0,0,0,12,25.6,10.4,6.0,4.2,1,0.03,0.00,0.03,2.13,2,False
Liam Cooper,221,Leeds,DEF,45,90,0,0,0,2,0,0,0,0,0,0,0,11,17.4,0.7,0.0,1.8,1,0.00,0.01,0.01,1.28,1,False
Luke Ayling,222,Leeds,DEF,45,90,0,0,0,2,0,0,0,0,0,0,0,14,10.4,15.1,4.0,3.0,1,0.00,0.47,0.47,1.28,1,False
Mateusz Klich,223,Leeds,MID,50,0,0,0,0,0,0,0,0,0,0,0,0,0,0.0,0.0,0.0,0.0,0,0.00,0.00,0.00,0.00,0,False
Adam Forshaw,224,Leeds,MID,45,0,0,0,0,0,0,0,0,0,0,0,0,0,0.0,0.0,0.0,0.0,0,0.00,0.00,0.00,0.00,0,False
Rodrigo Moreno,225,Leeds,MID,60,90,0,0,0,2,0,0,0,0,0,0,0,1,0.0,20.9,33.0,5.3,1,0.49,0.04,0.53,1.28,2,False
Stuart Dallas,226,Leeds,DEF,50,0,0,0,0,0,0,0,0,0,0,0,0,0,0.0,0.0,0.0,0.0,0,0.00,0.00,0.00,0.00,0,False
Patrick Bamford,227,Leeds,FWD,75,23,1,0,0,0,0,0,0,0,0,0,1,23,30.2,0.1,21.0,5.1,0,0.50,0.00,0.50,0.59,6,False
Diego Llorente,228,Leeds,DEF,45,0,0,0,0,0,0,0,0,0,0,0,0,0,0.0,0.0,0.0,0.0,0,0.00,0.00,0.00,0.00,0,False
Tyler Roberts,229,Leeds,MID,50,0,0,0,0,0,0,0,0,0,0,0,0,0,0.0,0.0,0.0,0.0,0,0.00,0.00,0.00,0.00,0,False
Robin Koch,230,Leeds,DEF,45,87,0,0,0,2,0,0,0,1,0,0,0,8,14.4,10.6,0.0,2.5,1,0.00,0.00,0.00,1.28,0,False
Daniel James,231,Fulham,MID,60,13,0,0,0,1,0,0,0,0,0,0,0,3,0.0,0.0,0.0,0.0,0,0.00,0.00,0.00,0.95,1,False
Raphael Dias Belloli,232,Leeds,MID,70,0,0,0,0,0,0,0,0,0,0,0,0,0,0.0,0.0,0.0,0.0,0,0.00,0.00,0.00,0.00,0,False
Jack Harrison,233,Leeds,MID,60,66,0,0,0,2,0,0,0,0,0,0,0,-1,15.0,39.3,46.0,10.0,1,0.93,0.19,1.12,0.69,2,False
Jamie Shackleton,234,Leeds,MID,45,0,0,0,0,0,0,0,0,0,0,0,0,0,0.0,0.0,0.0,0.0,0,0.00,0.00,0.00,0.00,0,False
Pascal Struijk,235,Leeds,DEF,45,65,0,0,0,2,0,0,0,0,0,0,0,6,6.0,1.5,2.0,1.0,1,0.00,0.01,0.01,0.69,1,False
Kristoffer Klaesson,236,Leeds,GK,40,0,0,0,0,0,0,0,0,0,0,0,0,0,0.0,0.0,0.0,0.0,0,0.00,0.00,0.00,0.00,0,False
Sam Greenwood,237,Leeds,FWD,45,13,0,0,0,0,0,0,0,0,0,0,0,4,1.6,18.5,0.0,2.0,0,0.00,0.07,0.07,0.13,1,False
Illan Meslier,238,Leeds,GK,45,90,0,0,0,2,0,0,0,1,0,3,0,9,21.2,0.0,0.0,2.1,1,0.00,0.00,0.00,1.28,1,False
Junior Firpo Adames,239,Leeds,DEF,45,2,0,0,0,0,0,0,0,0,0,0,0,3,4.2,0.0,0.0,0.4,0,0.00,0.00,0.00,0.00,1,False
Crysencio Summerville,240,Leeds,MID,45,0,0,0,0,0,0,0,0,0,0,0,0,0,0.0,0.0,0.0,0.0,0,0.00,0.00,0.00,0.00,0,False
Lewis Bate,241,Leeds,MID,45,0,0,0,0,0,0,0,0,0,0,0,0,0,0.0,0.0,0.0,0.0,0,0.00,0.00,0.00,0.00,0,False
Joe Gelhardt,242,Leeds,FWD,55,13,0,1,0,0,0,0,0,0,0,0,0,16,19.0,10.2,2.0,3.1,0,0.00,0.00,0.00,0.13,4,False
Leo Fuhr Hjelde,243,Leeds,DEF,40,0,0,0,0,0,0,0,0,0,0,0,0,0,0.0,0.0,0.0,0.0,0,0.00,0.00,0.00,0.00,0,False
Rasmus Kristensen,244,Leeds,DEF,50,0,0,0,0,0,0,0,0,0,0,0,0,0,0.0,0.0,0.0,0.0,0,0.00,0.00,0.00,0.00,0,False
Marc Roca Junqué,245,Leeds,MID,50,76,0,0,0,2,0,0,0,0,0,0,0,10,14.0,2.1,7.0,2.3,1,0.03,0.01,0.04,1.15,2,False
Brenden Aaronson,246,Leeds,MID,55,76,0,0,0,2,0,0,0,0,0,0,0,3,6.0,15.7,12.0,3.4,1,0.14,0.06,0.20,1.15,2,False
Darko Gyabi,247,Leeds,MID,45,0,0,0,0,0,0,0,0,0,0,0,0,0,0.0,0.0,0.0,0.0,0,0.00,0.00,0.00,0.00,0,False
Kasper Schmeichel,248,Leicester,GK,50,0,0,0,0,0,0,0,0,0,0,0,0,0,0.0,0.0,0.0,0.0,0,0.00,0.00,0.00,0.00,0,False
Jonny Evans,249,Leicester,DEF,45,0,0,0,0,0,0,0,0,0,0,0,0,0,0.0,0.0,0.0,0.0,0,0.00,0.00,0.00,0.00,0,False
Ryan Bertrand,250,Leicester,DEF,40,0,0,0,0,0,0,0,0,0,0,0,0,0,0.0,0.0,0.0,0.0,0,0.00,0.00,0.00,0.00,0,False
Marc Albrighton,251,Leicester,MID,50,67,0,0,0,1,0,0,0,0,0,0,0,12,9.6,41.3,0.0,5.1,1,0.00,0.29,0.29,1.36,2,False
Nampalys Mendy,252,Leicester,MID,45,67,0,0,0,1,0,0,0,0,0,0,0,15,9.2,1.5,0.0,1.1,1,0.00,0.01,0.01,1.36,2,False
Jannik Vestergaard,253,Leicester,DEF,40,0,0,0,0,0,0,0,0,0,0,0,0,0,0.0,0.0,0.0,0.0,0,0.00,0.00,0.00,0.00,0,False
Danny Ward,254,Leicester,GK,40,90,0,0,0,2,0,0,0,0,0,3,0,20,25.4,0.0,0.0,2.5,1,0.00,0.00,0.00,2.14,2,False
Jamie Vardy,255,Leicester,FWD,95,90,0,0,0,2,0,0,0,0,0,0,0,7,4.2,10.8,4.0,1.9,1,0.00,0.02,0.02,2.14,2,False
Ricardo Barbosa Pereira,256,Leicester,DEF,45,0,0,0,0,0,0,0,0,0,0,0,0,0,0.0,0.0,0.0,0.0,0,0.00,0.00,0.00,0.00,0,False
Daniel Amartey,257,Leicester,DEF,45,90,0,0,0,2,0,0,0,1,0,0,0,12,23.0,1.0,0.0,2.4,1,0.00,0.01,0.01,2.14,0,False
Timothy Castagne,258,Leicester,DEF,45,90,0,0,0,2,0,0,0,0,0,0,0,8,14.8,3.9,4.0,2.3,1,0.00,0.04,0.04,2.14,1,False
Youri Tielemans,259,Leicester,MID,65,90,0,0,0,2,0,0,0,1,0,0,0,8,3.0,18.2,6.0,2.7,1,0.08,0.07,0.15,2.14,1,False
Ayoze Pérez,260,Leicester,MID,50,0,0,0,0,0,0,0,0,0,0,0,0,0,0.0,0.0,0.0,0.0,0,0.00,0.00,0.00,0.00,0,False
James Maddison,261,Leicester,MID,80,0,0,0,0,0,0,0,0,0,0,0,0,0,0.0,0.0,0.0,0.0,0,0.00,0.00,0.00,0.00,0,False
Kelechi Iheanacho,262,Leicester,FWD,65,22,0,0,0,1,0,0,0,0,0,0,0,2,0.0,2.5,0.0,0.2,0,0.00,0.01,0.01,0.78,1,False
Hamza Choudhury,263,Leicester,MID,45,0,0,0,0,0,0,0,0,0,0,0,0,0,0.0,0.0,0.0,0.0,0,0.00,0.00,0.00,0.00,0,False
Harvey Barnes,264,Leicester,MID,70,90,0,0,0,2,0,0,0,0,0,0,0,-4,6.8,30.9,24.0,6.2,1,0.93,0.03,0.96,2.14,2,False
Wilfred Ndidi,265,Leicester,MID,50,90,0,0,0,2,0,0,0,0,0,0,0,10,14.6,2.8,0.0,1.7,1,0.00,0.01,0.01,2.14,2,False
Kiernan Dewsbury-Hall,266,Leicester,MID,50,0,0,0,0,0,0,0,0,0,0,0,0,0,0.0,0.0,0.0,0.0,0,0.00,0.00,0.00,0.00,0,False
Çaglar Söyüncü,267,Leicester,DEF,45,0,0,0,0,0,0,0,0,0,0,0,0,0,0.0,0.0,0.0,0.0,0,0.00,0.00,0.00,0.00,0,False
James Justin,268,Leicester,DEF,45,0,0,0,0,0,0,0,0,0,0,0,0,0,0.0,0.0,0.0,0.0,0,0.00,0.00,0.00,0.00,0,False
Boubakary Soumaré,269,Leicester,MID,45,0,0,0,0,0,0,0,0,0,0,0,0,0,0.0,0.0,0.0,0.0,0,0.00,0.00,0.00,0.00,0,False
Luke Thomas,270,Leicester,DEF,45,67,0,0,0,1,0,0,0,0,0,0,0,7,9.2,1.5,0.0,1.1,1,0.00,0.01,0.01,1.36,2,False
Patson Daka,271,Leicester,FWD,60,0,0,0,0,0,0,0,0,0,0,0,0,0,0.0,0.0,0.0,0.0,0,0.00,0.00,0.00,0.00,0,False
Wesley Fofana,272,Chelsea,DEF,45,0,0,0,0,0,0,0,0,0,0,0,0,0,0.0,0.0,0.0,0.0,0,0.00,0.00,0.00,0.00,0,False
Lewis Brunt,273,Leicester,DEF,40,22,0,0,0,1,0,0,0,0,0,0,0,4,2.2,1.0,0.0,0.3,0,0.00,0.01,0.01,0.78,1,False
James Milner,274,Liverpool,MID,45,0,0,0,0,0,0,0,0,0,0,0,0,0,0.0,0.0,0.0,0.0,0,0.00,0.00,0.00,0.00,0,False
Jordan Henderson,275,Liverpool,MID,55,68,0,0,0,2,0,0,0,1,0,0,0,4,3.4,3.9,0.0,0.7,1,0.00,0.01,0.01,1.42,1,False
Joel Matip,276,Liverpool,DEF,60,68,0,0,0,2,0,0,0,1,0,0,0,4,3.2,0.5,0.0,0.4,1,0.00,0.00,0.00,1.42,0,False
Thiago Alcántara do Nascimento,277,Liverpool,MID,55,90,0,0,0,3,0,0,0,0,0,0,0,13,15.2,1.5,0.0,1.7,1,0.00,0.01,0.01,2.24,2,False
Alex Oxlade-Chamberlain,278,Liverpool,MID,50,68,0,0,0,2,0,0,0,0,0,0,0,3,7.4,4.0,28.0,3.9,1,0.78,0.02,0.80,1.42,2,False
Roberto Firmino,279,Liverpool,FWD,80,0,0,0,0,0,0,0,0,0,0,0,0,0,0.0,0.0,0.0,0.0,0,0.00,0.00,0.00,0.00,0,False
Virgil van Dijk,280,Liverpool,DEF,65,0,0,0,0,0,0,0,0,0,0,0,0,0,0.0,0.0,0.0,0.0,0,0.00,0.00,0.00,0.00,0,False
Alisson Ramses Becker,281,Liverpool,GK,55,90,0,0,0,3,0,0,0,0,0,5,0,20,39.0,0.0,0.0,3.9,1,0.00,0.00,0.00,2.24,2,False
Fabio Henrique Tavares,282,Liverpool,MID,55,67,0,0,0,2,0,0,0,0,0,0,0,8,7.4,11.5,0.0,1.9,1,0.00,0.01,0.01,1.42,2,False
Mohamed Salah,283,Liverpool,MID,130,90,0,0,0,3,0,0,0,0,0,0,0,4,5.4,11.4,10.0,2.7,1,0.03,0.07,0.10,2.24,2,False
Andrew Robertson,284,Liverpool,DEF,70,90,0,0,0,3,0,0,0,0,0,0,0,21,21.2,14.8,0.0,3.6,1,0.00,0.01,0.01,2.24,1,False
Trent Alexander-Arnold,285,Liverpool,DEF,75,90,0,0,0,3,0,0,0,1,0,0,0,12,19.8,29.3,4.0,5.3,1,0.00,0.65,0.65,2.24,0,False
Joseph Gomez,286,Liverpool,DEF,45,21,0,0,0,1,0,0,0,0,0,0,0,4,7.4,0.1,0.0,0.8,0,0.00,0.00,0.00,0.82,1,False
Naby Keita,287,Liverpool,MID,50,22,0,0,0,1,0,0,0,0,0,0,0,2,2.6,11.4,0.0,1.4,0,0.00,0.03,0.03,0.82,1,False
Diogo Teixeira da Silva,288,Liverpool,FWD,90,0,0,0,0,0,0,0,0,0,0,0,0,0,0.0,0.0,0.0,0.0,0,0.00,0.00,0.00,0.00,0,False
Caoimhin Kelleher,289,Liverpool,GK,40,0,0,0,0,0,0,0,0,0,0,0,0,0,0.0,0.0,0.0,0.0,0,0.00,0.00,0.00,0.00,0,False
Ibrahima Konaté,290,Liverpool,DEF,50,90,0,0,0,3,0,0,0,0,0,0,0,20,34.6,0.3,17.0,5.2,1,0.02,0.00,0.02,2.24,1,False
Curtis Jones,291,Liverpool,MID,50,0,0,0,0,0,0,0,0,0,0,0,0,0,0.0,0.0,0.0,0.0,0,0.00,0.00,0.00,0.00,0,False
Konstantinos Tsimikas,292,Liverpool,DEF,45,0,0,0,0,0,0,0,0,0,0,0,0,0,0.0,0.0,0.0,0.0,0,0.00,0.00,0.00,0.00,0,False
Luis Díaz,293,Liverpool,MID,80,0,0,0,0,0,0,0,0,0,0,0,0,0,0.0,0.0,0.0,0.0,0,0.00,0.00,0.00,0.00,0,False
Harvey Elliott,294,Liverpool,MID,50,21,0,0,0,1,0,0,0,0,0,0,0,3,0.0,0.2,4.0,0.4,0,0.11,0.00,0.11,0.82,1,False
Neco Williams,295,Nott'm Forest,DEF,40,4,0,0,0,0,0,0,0,0,0,0,0,3,0.0,0.0,0.0,0.0,0,0.00,0.00,0.00,0.00,1,False
Fábio Freitas Gouveia Carvalho,296,Liverpool,MID,55,0,0,0,0,0,0,0,0,0,0,0,0,0,0.0,0.0,0.0,0.0,0,0.00,0.00,0.00,0.00,0,False
Darwin Núñez Ribeiro,297,Liverpool,FWD,90,0,0,0,0,0,0,0,0,0,0,0,0,0,0.0,0.0,0.0,0.0,0,0.00,0.00,0.00,0.00,0,False
Calvin Ramsay,298,Liverpool,DEF,40,0,0,0,0,0,0,0,0,0,0,0,0,0,0.0,0.0,0.0,0.0,0,0.00,0.00,0.00,0.00,0,False
Kyle Walker,299,Man City,DEF,50,97,0,0,0,2,0,0,0,0,0,0,0,14,11.4,15.9,7.0,3.4,1,0.02,0.03,0.05,1.75,2,False
Ilkay Gündogan,300,Man City,MID,75,80,0,0,0,2,0,0,0,0,0,0,0,9,1.8,9.8,11.0,2.3,1,0.25,0.02,0.27,0.84,2,False
Kevin De Bruyne,301,Man City,MID,120,90,0,1,0,2,0,0,0,0,0,0,0,22,26.0,22.8,16.0,6.5,1,0.00,1.29,1.29,1.75,5,False
John Stones,302,Man City,DEF,55,90,0,0,0,2,0,0,0,0,0,0,0,17,13.4,1.8,0.0,1.5,1,0.00,0.01,0.01,0.84,1,False
Riyad Mahrez,303,Man City,MID,80,180,2,1,0,4,0,0,0,1,0,0,3,70,95.2,65.5,53.0,21.4,2,0.52,1.09,1.61,2.59,19,True
Raheem Sterling,304,Chelsea,MID,100,0,0,0,0,0,0,0,0,0,0,0,0,0,0.0,0.0,0.0,0.0,0,0.00,0.00,0.00,0.00,0,False
Jack Grealish,305,Man City,MID,70,123,1,0,0,4,0,0,0,0,0,0,0,29,45.2,48.7,51.0,14.5,1,0.44,0.14,0.58,1.93,8,False
João Cancelo,306,Man City,DEF,70,90,0,0,0,2,0,0,0,0,0,0,0,12,14.0,19.3,2.0,3.5,1,0.00,0.08,0.08,1.75,1,False
Ederson Santana de Moraes,307,Man City,GK,55,180,0,0,0,4,0,0,0,0,0,2,0,27,27.6,0.0,0.0,2.7,2,0.00,0.00,0.00,2.59,2,False
Nathan Aké,308,Man City,DEF,50,180,0,0,0,4,0,0,0,0,0,0,0,27,44.0,19.6,2.0,6.5,2,0.00,0.20,0.20,2.59,2,False
Aymeric Laporte,309,Man City,DEF,60,0,0,0,0,0,0,0,0,0,0,0,0,0,0.0,0.0,0.0,0.0,0,0.00,0.00,0.00,0.00,0,False
Zack Steffen,310,Man City,GK,40,0,0,0,0,0,0,0,0,0,0,0,0,0,0.0,0.0,0.0,0.0,0,0.00,0.00,0.00,0.00,0,False
Bernardo Veiga de Carvalho e Silva,311,Man City,MID,70,99,0,0,0,2,0,0,0,0,0,0,0,12,9.8,4.7,6.0,2.0,1,0.02,0.02,0.04,1.75,3,False
Rúben Gato Alves Dias,312,Man City,DEF,60,1,0,0,0,0,0,0,0,0,0,0,0,3,2.0,0.0,0.0,0.2,0,0.00,0.00,0.00,0.00,1,False
Oleksandr Zinchenko,313,Arsenal,DEF,50,85,0,0,1,0,0,0,0,0,0,0,0,23,13.0,5.3,0.0,1.8,1,0.00,0.03,0.03,1.47,6,False
Phil Foden,314,Man City,MID,80,56,0,0,0,0,0,0,0,0,0,0,0,0,0.0,2.3,10.0,1.2,1,0.00,0.01,0.01,0.66,1,False
Rodrigo Hernandez,315,Man City,MID,60,180,0,1,0,4,0,0,0,0,0,0,0,44,51.0,50.0,12.0,11.3,2,0.10,0.50,0.60,2.59,7,False
Cole Palmer,316,Man City,MID,45,0,0,0,0,0,0,0,0,0,0,0,0,0,0.0,0.0,0.0,0.0,0,0.00,0.00,0.00,0.00,0,False
James McAtee,317,Man City,MID,45,0,0,0,0,0,0,0,0,0,0,0,0,0,0.0,0.0,0.0,0.0,0,0.00,0.00,0.00,0.00,0,False
Erling Haaland,318,Man City,FWD,115,179,1,0,0,4,0,0,0,0,0,0,0,28,36.4,1.8,79.0,11.7,2,1.29,0.14,1.43,2.59,8,False
Julián Álvarez,319,Man City,FWD,65,90,1,0,0,2,0,0,0,0,0,0,1,32,31.0,5.5,37.0,7.4,1,0.42,0.02,0.44,0.84,7,False
Luke Mbete-Tabu,320,Man City,DEF,40,0,0,0,0,0,0,0,0,0,0,0,0,0,0.0,0.0,0.0,0.0,0,0.00,0.00,0.00,0.00,0,False
Roméo Lavia,321,Southampton,MID,45,60,0,0,0,1,0,0,0,1,0,0,0,1,2.4,1.6,0.0,0.4,1,0.00,0.00,0.00,0.73,1,False
Josh Wilson-Esbrand,322,Man City,DEF,40,0,0,0,0,0,0,0,0,0,0,0,0,0,0.0,0.0,0.0,0.0,0,0.00,0.00,0.00,0.00,0,False
Liam Delap,323,Man City,FWD,45,0,0,0,0,0,0,0,0,0,0,0,0,0,0.0,0.0,0.0,0.0,0,0.00,0.00,0.00,0.00,0,False
Stefan Ortega Moreno,324,Man City,GK,40,0,0,0,0,0,0,0,0,0,0,0,0,0,0.0,0.0,0.0,0.0,0,0.00,0.00,0.00,0.00,0,False
Kalvin Phillips,325,Man City,MID,50,0,0,0,0,0,0,0,0,0,0,0,0,0,0.0,0.0,0.0,0.0,0,0.00,0.00,0.00,0.00,0,False
Cristiano Ronaldo dos Santos Aveiro,326,Man Utd,FWD,105,0,0,0,0,0,0,0,0,0,0,0,0,0,0.0,0.0,0.0,0.0,0,0.00,0.00,0.00,0.00,0,False
David De Gea Quintana,327,Man Utd,GK,50,180,0,0,0,2,0,0,0,0,0,4,0,24,31.2,0.0,0.0,3.1,2,0.00,0.00,0.00,1.20,5,False
Phil Jones,328,Man Utd,DEF,40,0,0,0,0,0,0,0,0,0,0,0,0,0,0.0,0.0,0.0,0.0,0,0.00,0.00,0.00,0.00,0,False
Raphaël Varane,329,Man Utd,DEF,50,180,0,0,0,2,0,0,0,0,0,0,0,24,36.6,1.1,0.0,3.8,2,0.00,0.01,0.01,1.20,4,False
Harry Maguire,330,Man Utd,DEF,50,1,0,0,0,0,0,0,0,0,0,0,0,3,2.0,0.0,0.0,0.2,0,0.00,0.00,0.00,0.00,1,False
Frederico Rodrigues de Paula Santos,331,Man Utd,MID,55,97,0,0,0,2,0,0,0,1,0,0,0,19,17.6,12.9,2.0,3.2,1,0.00,0.01,0.01,0.70,2,False
Luke Shaw,332,Man Utd,DEF,50,180,0,0,0,2,0,0,0,0,0,0,0,16,28.0,17.5,8.0,5.3,2,0.04,0.11,0.15,1.20,4,False
Bruno Borges Fernandes,333,Man Utd,MID,100,180,2,0,0,2,0,0,0,0,0,0,5,67,88.8,62.9,46.0,19.7,2,0.64,0.57,1.21,1.20,19,True
Alex Telles,334,Man Utd,DEF,50,0,0,0,0,0,0,0,0,0,0,0,0,0,0.0,0.0,0.0,0.0,0,0.00,0.00,0.00,0.00,0,False
Marcus Rashford,335,Man Utd,MID,65,180,1,0,0,2,0,0,0,0,0,0,3,25,48.8,27.5,91.0,16.8,2,1.90,0.10,2.00,1.20,12,False
Donny van de Beek,336,Man Utd,MID,55,0,0,0,0,0,0,0,0,0,0,0,0,0,0.0,0.0,0.0,0.0,0,0.00,0.00,0.00,0.00,0,False
Victor Lindelöf,337,Man Utd,DEF,45,0,0,0,0,0,0,0,0,0,0,0,0,0,0.0,0.0,0.0,0.0,0,0.00,0.00,0.00,0.00,0,False
Scott McTominay,338,Man Utd,MID,50,22,0,0,0,1,0,0,0,0,0,0,0,4,0.0,0.6,2.0,0.2,0,0.00,0.01,0.01,0.22,2,False
Eric Bailly,339,Man Utd,DEF,40,0,0,0,0,0,0,0,0,0,0,0,0,0,0.0,0.0,0.0,0.0,0,0.00,0.00,0.00,0.00,0,False
Jadon Sancho,340,Man Utd,MID,75,0,0,0,0,0,0,0,0,0,0,0,0,0,0.0,0.0,0.0,0.0,0,0.00,0.00,0.00,0.00,0,False
Aaron Wan-Bissaka,341,Man Utd,DEF,45,180,0,0,0,2,0,0,0,0,0,0,0,32,37.2,23.5,6.0,6.7,2,0.04,0.11,0.15,1.20,4,False
Diogo Dalot Teixeira,342,Man Utd,DEF,45,0,0,0,0,0,0,0,0,0,0,0,0,0,0.0,0.0,0.0,0.0,0,0.00,0.00,0.00,0.00,0,False
Brandon Williams,343,Man Utd,DEF,40,0,0,0,0,0,0,0,0,0,0,0,0,0,0.0,0.0,0.0,0.0,0,0.00,0.00,0.00,0.00,0,False
Anthony Elanga,344,Man Utd,MID,50,0,0,0,0,0,0,0,0,0,0,0,0,0,0.0,0.0,0.0,0.0,0,0.00,0.00,0.00,0.00,0,False
Anthony Martial,345,Man Utd,FWD,70,45,0,0,0,0,0,0,0,0,0,0,0,0,0.0,0.5,7.0,0.7,1,0.04,0.03,0.07,0.13,1,False
Andreas Hoelgebaum Pereira,346,Fulham,MID,45,76,0,0,1,0,0,0,0,1,0,0,0,2,4.2,33.9,8.0,4.6,1,0.00,0.30,0.30,1.18,2,False
Facundo Pellistri Rebollo,347,Man Utd,MID,45,0,0,0,0,0,0,0,0,0,0,0,0,0,0.0,0.0,0.0,0.0,0,0.00,0.00,0.00,0.00,0,False
Tom Heaton,348,Man Utd,GK,40,0,0,0,0,0,0,0,0,0,0,0,0,0,0.0,0.0,0.0,0.0,0,0.00,0.00,0.00,0.00,0,False
Jonjo Shelvey,349,Nott'm Forest,MID,50,0,0,0,0,0,0,0,0,0,0,0,0,0,0.0,0.0,0.0,0.0,0,0.00,0.00,0.00,0.00,0,False
Matt Ritchie,350,Newcastle,DEF,45,0,0,0,0,0,0,0,0,0,0,0,0,0,0.0,0.0,0.0,0.0,0,0.00,0.00,0.00,0.00,0,False
Federico Fernández,351,Newcastle,DEF,45,0,0,0,0,0,0,0,0,0,0,0,0,0,0.0,0.0,0.0,0.0,0,0.00,0.00,0.00,0.00,0,False
Ciaran Clark,352,Newcastle,DEF,45,0,0,0,0,0,0,0,0,0,0,0,0,0,0.0,0.0,0.0,0.0,0,0.00,0.00,0.00,0.00,0,False
Karl Darlow,353,Newcastle,GK,40,0,0,0,0,0,0,0,0,0,0,0,0,0,0.0,0.0,0.0,0.0,0,0.00,0.00,0.00,0.00,0,False
Chris Wood,354,Nott'm Forest,FWD,60,1,0,0,0,0,0,0,0,0,0,0,0,3,0.0,0.0,0.0,0.0,0,0.00,0.00,0.00,0.00,1,False
Martin Dubravka,355,Newcastle,GK,45,0,0,0,0,0,0,0,0,0,0,0,0,0,0.0,0.0,0.0,0.0,0,0.00,0.00,0.00,0.00,0,False
Callum Wilson,356,Newcastle,FWD,75,90,0,1,1,0,0,0,0,0,0,0,0,10,21.2,11.8,89.0,12.2,1,0.67,0.87,1.54,1.14,5,False
Kieran Trippier,357,Newcastle,DEF,50,90,0,0,1,0,0,0,0,0,0,0,3,26,8.8,61.9,4.0,7.5,1,0.03,0.32,0.35,1.14,9,True
Dan Burn,358,Newcastle,DEF,45,90,0,0,1,0,0,0,0,0,0,0,3,26,13.6,1.8,0.0,1.5,1,0.00,0.01,0.01,1.14,9,True
Ryan Fraser,359,Newcastle,MID,55,0,0,0,0,0,0,0,0,0,0,0,0,0,0.0,0.0,0.0,0.0,0,0.00,0.00,0.00,0.00,0,False
Jamaal Lascelles,360,Newcastle,DEF,45,0,0,0,0,0,0,0,0,0,0,0,0,0,0.0,0.0,0.0,0.0,0,0.00,0.00,0.00,0.00,0,False
Dwight Gayle,361,Newcastle,FWD,45,0,0,0,0,0,0,0,0,0,0,0,0,0,0.0,0.0,0.0,0.0,0,0.00,0.00,0.00,0.00,0,False
Paul Dummett,362,Newcastle,DEF,40,0,0,0,0,0,0,0,0,0,0,0,0,0,0.0,0.0,0.0,0.0,0,0.00,0.00,0.00,0.00,0,False
Javier Manquillo Gaitán,363,Newcastle,DEF,45,0,0,0,0,0,0,0,0,0,0,0,0,0,0.0,0.0,0.0,0.0,0,0.00,0.00,0.00,0.00,0,False
Emil Krafth,364,Newcastle,DEF,45,0,0,0,0,0,0,0,0,0,0,0,0,0,0.0,0.0,0.0,0.0,0,0.00,0.00,0.00,0.00,0,False
Jacob Murphy,365,Newcastle,MID,45,5,0,0,0,0,0,0,0,0,0,0,0,3,1.6,0.6,0.0,0.2,0,0.00,0.01,0.01,0.00,1,False
Fabian Schär,366,Newcastle,DEF,45,90,0,0,1,0,0,0,0,0,0,0,0,25,16.0,11.9,1.0,2.9,1,0.05,0.04,0.09,1.14,6,False
Matt Targett,367,Newcastle,DEF,50,0,0,0,0,0,0,0,0,0,0,0,0,0,0.0,0.0,0.0,0.0,0,0.00,0.00,0.00,0.00,0,False
Allan Saint-Maximin,368,Newcastle,MID,65,45,0,0,0,0,0,0,0,0,0,0,0,0,1.0,1.5,3.0,0.6,0,0.05,0.04,0.09,0.91,1,False
Miguel Almirón Rejala,369,Newcastle,MID,50,84,0,0,1,0,0,0,0,0,0,0,0,12,15.4,15.9,18.0,4.9,1,0.13,0.09,0.22,1.14,3,False
Sean Longstaff,370,Newcastle,MID,45,90,0,0,1,0,0,0,0,0,0,0,0,16,19.6,51.9,8.0,8.0,1,0.15,0.60,0.75,1.14,3,False
Joelinton Cássio Apolinário de Lira,371,Newcastle,MID,60,90,0,0,1,0,0,0,0,0,0,0,0,19,16.4,14.8,9.0,4.0,1,0.05,0.03,0.08,1.14,3,False
Jamal Lewis,372,Newcastle,DEF,45,0,0,0,0,0,0,0,0,0,0,0,0,0,0.0,0.0,0.0,0.0,0,0.00,0.00,0.00,0.00,0,False
Joe Willock,373,Newcastle,MID,50,70,0,0,1,0,0,0,0,0,0,0,0,5,0.0,3.3,14.0,1.5,1,0.25,0.03,0.28,1.04,3,False
Bruno Guimarães Rodriguez Moura,374,Newcastle,MID,60,45,0,0,0,0,0,0,0,0,0,0,0,5,4.2,15.9,4.0,2.4,1,0.00,0.31,0.31,0.22,1,False
Jeff Hendrick,375,Newcastle,MID,45,0,0,0,0,0,0,0,0,0,0,0,0,0,0.0,0.0,0.0,0.0,0,0.00,0.00,0.00,0.00,0,False
Nick Pope,376,Newcastle,GK,50,90,0,0,1,0,0,0,0,1,0,0,0,18,4.0,0.0,0.0,0.4,1,0.00,0.00,0.00,1.14,5,False
Sven Botman,377,Newcastle,DEF,45,90,0,0,1,0,0,0,0,0,0,0,0,25,20.4,1.1,0.0,2.2,1,0.00,0.02,0.02,1.14,6,False
Harry Arter,378,Nott'm Forest,MID,45,0,0,0,0,0,0,0,0,0,0,0,0,0,0.0,0.0,0.0,0.0,0,0.00,0.00,0.00,0.00,0,False
Steve Cook,379,Nott'm Forest,DEF,45,0,0,0,0,0,0,0,0,0,0,0,0,0,0.0,0.0,0.0,0.0,0,0.00,0.00,0.00,0.00,0,False
Lyle Taylor,380,Nott'm Forest,FWD,45,0,0,0,0,0,0,0,0,0,0,0,0,0,0.0,0.0,0.0,0.0,0,0.00,0.00,0.00,0.00,0,False
Jack Colback,381,Nott'm Forest,MID,45,45,0,0,0,0,0,0,0,0,0,0,0,4,5.0,10.8,0.0,1.6,0,0.00,0.00,0.00,0.22,1,False
Brice Samba,382,Nott'm Forest,GK,45,0,0,0,0,0,0,0,0,0,0,0,0,0,0.0,0.0,0.0,0.0,0,0.00,0.00,0.00,0.00,0,False
Carlos Ribeiro Dias,383,Nott'm Forest,MID,45,0,0,0,0,0,0,0,0,0,0,0,0,0,0.0,0.0,0.0,0.0,0,0.00,0.00,0.00,0.00,0,False
Joe Lolley,384,Nott'm Forest,MID,50,0,0,0,0,0,0,0,0,0,0,0,0,0,0.0,0.0,0.0,0.0,0,0.00,0.00,0.00,0.00,0,False
Scott McKenna,385,Nott'm Forest,DEF,45,90,0,0,1,0,0,0,0,0,0,0,0,24,14.8,0.6,4.0,1.9,1,0.00,0.06,0.06,1.02,6,False
Mohamed Dräger,386,Nott'm Forest,DEF,40,0,0,0,0,0,0,0,0,0,0,0,0,0,0.0,0.0,0.0,0.0,0,0.00,0.00,0.00,0.00,0,False
Ryan Yates,387,Nott'm Forest,MID,50,45,0,0,0,0,0,0,0,0,0,0,0,-1,0.0,0.5,7.0,0.5,1,0.09,0.02,0.11,0.80,1,False
Joe Worrall,388,Nott'm Forest,DEF,45,90,0,0,1,0,0,0,0,0,0,0,0,23,14.8,0.4,0.0,1.5,1,0.00,0.03,0.03,1.02,6,False
Jonathan Panzo,389,Nott'm Forest,DEF,40,0,0,0,0,0,0,0,0,0,0,0,0,0,0.0,0.0,0.0,0.0,0,0.00,0.00,0.00,0.00,0,False
Xande Nascimento da Costa Silva,390,Nott'm Forest,MID,50,0,0,0,0,0,0,0,0,0,0,0,0,0,0.0,0.0,0.0,0.0,0,0.00,0.00,0.00,0.00,0,False
Sam Surridge,391,Nott'm Forest,FWD,50,35,0,0,0,0,0,0,0,0,0,0,0,-4,0.0,0.3,13.0,1.0,0,0.41,0.00,0.41,0.00,1,False
Richie Laryea,392,Nott'm Forest,DEF,45,0,0,0,0,0,0,0,0,0,0,0,0,0,0.0,0.0,0.0,0.0,0,0.00,0.00,0.00,0.00,0,False
Loïc Mbe Soh,393,Nott'm Forest,DEF,45,0,0,0,0,0,0,0,0,0,0,0,0,0,0.0,0.0,0.0,0.0,0,0.00,0.00,0.00,0.00,0,False
Brennan Johnson,394,Nott'm Forest,FWD,60,85,2,0,1,0,0,0,0,1,0,0,3,57,69.4,10.9,36.0,11.6,1,1.12,0.00,1.12,1.02,12,True
Alex Mighten,395,Nott'm Forest,MID,50,0,0,0,0,0,0,0,0,0,0,0,0,0,0.0,0.0,0.0,0.0,0,0.00,0.00,0.00,0.00,0,False
Braian Ojeda Rodríguez,396,Nott'm Forest,MID,45,0,0,0,0,0,0,0,0,0,0,0,0,0,0.0,0.0,0.0,0.0,0,0.00,0.00,0.00,0.00,0,False
Taiwo Awoniyi,397,Nott'm Forest,FWD,60,0,0,0,0,0,0,0,0,0,0,0,0,0,0.0,0.0,0.0,0.0,0,0.00,0.00,0.00,0.00,0,False
Dean Henderson,398,Nott'm Forest,GK,45,90,0,0,1,0,0,0,0,0,0,1,0,24,9.4,0.0,0.0,0.9,1,0.00,0.00,0.00,1.02,6,False
Giulian Biancone,399,Nott'm Forest,DEF,45,0,0,0,0,0,0,0,0,0,0,0,0,0,0.0,0.0,0.0,0.0,0,0.00,0.00,0.00,0.00,0,False
Theo Walcott,400,Southampton,MID,50,0,0,0,0,0,0,0,0,0,0,0,0,0,0.0,0.0,0.0,0.0,0,0.00,0.00,0.00,0.00,0,False
Alex McCarthy,401,Southampton,GK,45,0,0,0,0,0,0,0,0,0,0,0,0,0,0.0,0.0,0.0,0.0,0,0.00,0.00,0.00,0.00,0,False
Oriol Romeu Vidal,402,Southampton,MID,50,0,0,0,0,0,0,0,0,0,0,0,0,0,0.0,0.0,0.0,0.0,0,0.00,0.00,0.00,0.00,0,False
Nathan Redmond,403,Southampton,MID,55,0,0,0,0,0,0,0,0,0,0,0,0,0,0.0,0.0,0.0,0.0,0,0.00,0.00,0.00,0.00,0,False
Jack Stephens,404,Bournemouth,DEF,45,0,0,0,0,0,0,0,0,0,0,0,0,0,0.0,0.0,0.0,0.0,0,0.00,0.00,0.00,0.00,0,False
Stuart Armstrong,405,Southampton,MID,50,0,0,0,0,0,0,0,0,0,0,0,0,0,0.0,0.0,0.0,0.0,0,0.00,0.00,0.00,0.00,0,False
Mohamed Elyounoussi,406,Southampton,MID,55,84,0,0,0,1,0,0,0,0,0,0,0,6,4.4,16.9,15.0,3.6,1,0.16,0.12,0.28,1.29,2,False
James Ward-Prowse,407,Southampton,MID,65,90,2,0,0,1,0,0,0,0,0,0,3,51,81.2,37.3,58.0,17.7,1,0.71,0.20,0.91,1.41,15,True
Adam Armstrong,408,Southampton,FWD,55,29,0,0,0,0,0,0,0,0,0,0,0,4,3.4,0.6,7.0,1.1,0,0.05,0.01,0.06,0.68,1,False
Kyle Walker-Peters,409,Southampton,DEF,45,90,0,0,0,1,0,0,0,0,0,0,0,6,3.8,1.9,2.0,0.8,1,0.00,0.04,0.04,1.41,2,False
Jan Bednarek,410,Southampton,DEF,45,0,0,0,0,0,0,0,0,0,0,0,0,0,0.0,0.0,0.0,0.0,0,0.00,0.00,0.00,0.00,0,False
Che Adams,411,Southampton,FWD,65,84,0,2,0,1,0,0,0,0,0,0,1,26,24.2,22.2,11.0,5.7,1,0.04,0.13,0.17,1.29,9,True
Nathan Tella,412,Southampton,MID,50,0,0,0,0,0,0,0,0,0,0,0,0,0,0.0,0.0,0.0,0.0,0,0.00,0.00,0.00,0.00,0,False
Lyanco Silveira Neves Vojnovic,413,Southampton,DEF,45,90,0,0,0,1,0,0,0,1,0,0,0,11,8.0,0.3,0.0,0.8,1,0.00,0.00,0.00,1.41,1,False
Yan Valery,414,Southampton,DEF,40,0,0,0,0,0,0,0,0,0,0,0,0,0,0.0,0.0,0.0,0.0,0,0.00,0.00,0.00,0.00,0,False
Will Smallbone,415,Southampton,MID,45,0,0,0,0,0,0,0,0,0,0,0,0,0,0.0,0.0,0.0,0.0,0,0.00,0.00,0.00,0.00,0,False
Ibrahima Diallo,416,Southampton,MID,45,84,0,0,0,1,0,0,0,1,0,0,0,0,0.0,0.7,2.0,0.2,1,0.07,0.00,0.07,1.29,1,False
Romain Perraud,417,Southampton,DEF,45,5,0,0,0,0,0,0,0,0,0,0,0,3,0.0,0.0,0.0,0.0,0,0.00,0.00,0.00,0.12,1,False
Moussa Djenepo,418,Southampton,MID,50,0,0,0,0,0,0,0,0,0,0,0,0,0,0.0,0.0,0.0,0.0,0,0.00,0.00,0.00,0.00,0,False
Tino Livramento,419,Southampton,DEF,45,0,0,0,0,0,0,0,0,0,0,0,0,0,0.0,0.0,0.0,0.0,0,0.00,0.00,0.00,0.00,0,False
Mohammed Salisu,420,Southampton,DEF,45,90,0,0,0,1,0,0,0,0,0,0,0,15,35.0,0.9,17.0,5.3,1,0.11,0.01,0.12,1.41,2,False
Mateusz Lis,421,Southampton,GK,40,0,0,0,0,0,0,0,0,0,0,0,0,0,0.0,0.0,0.0,0.0,0,0.00,0.00,0.00,0.00,0,False
Gavin Bazunu,422,Southampton,GK,45,90,0,0,0,1,0,0,0,0,0,3,0,17,24.6,0.0,0.0,2.5,1,0.00,0.00,0.00,1.41,3,False
Armel Bella-Kotchap,423,Southampton,DEF,45,0,0,0,0,0,0,0,0,0,0,0,0,0,0.0,0.0,0.0,0.0,0,0.00,0.00,0.00,0.00,0,False
Willy Caballero,424,Southampton,GK,40,0,0,0,0,0,0,0,0,0,0,0,0,0,0.0,0.0,0.0,0.0,0,0.00,0.00,0.00,0.00,0,False
Hugo Lloris,425,Spurs,GK,55,180,0,0,0,6,1,0,0,0,0,6,0,26,41.4,0.0,0.0,4.2,2,0.00,0.00,0.00,4.11,0,False
Fraser Forster,426,Spurs,GK,40,0,0,0,0,0,0,0,0,0,0,0,0,0,0.0,0.0,0.0,0.0,0,0.00,0.00,0.00,0.00,0,False
Harry Kane,427,Spurs,FWD,115,180,0,1,0,6,0,0,0,0,0,0,0,19,29.6,48.1,74.0,15.2,2,0.54,0.19,0.73,4.11,7,False
Son Heung-min,428,Spurs,MID,120,180,0,0,0,6,0,0,0,0,0,0,0,7,11.8,17.2,64.0,9.3,2,0.66,0.22,0.88,4.11,4,False
Matt Doherty,429,Spurs,DEF,50,70,0,0,0,2,0,0,0,0,0,0,0,13,16.0,7.9,2.0,2.6,1,0.00,0.02,0.02,1.51,1,False
Eric Dier,430,Spurs,DEF,50,180,0,0,0,6,0,0,0,0,0,0,0,27,37.8,1.3,2.0,4.1,2,0.00,0.03,0.03,4.11,1,False
Lucas Rodrigues Moura da Silva,431,Spurs,MID,60,0,0,0,0,0,0,0,0,0,0,0,0,0,0.0,0.0,0.0,0.0,0,0.00,0.00,0.00,0.00,0,False
Ben Davies,499,Liverpool,DEF,40,0,0,0,0,0,0,0,0,0,0,0,0,0,0.0,0.0,0.0,0.0,0,0.00,0.00,0.00,0.00,0,False
Pierre-Emile Højbjerg,433,Spurs,MID,55,180,0,0,0,6,0,0,0,1,0,0,0,31,33.0,37.9,8.0,7.9,2,0.09,0.31,0.40,4.11,3,False
Harry Winks,434,Spurs,MID,45,0,0,0,0,0,0,0,0,0,0,0,0,0,0.0,0.0,0.0,0.0,0,0.00,0.00,0.00,0.00,0,False
Davinson Sánchez,435,Spurs,DEF,45,0,0,0,0,0,0,0,0,0,0,0,0,0,0.0,0.0,0.0,0.0,0,0.00,0.00,0.00,0.00,0,False
Ryan Sessegnon,436,Spurs,DEF,45,96,0,0,0,3,0,0,0,1,0,0,0,6,9.8,15.4,21.0,4.7,1,0.27,0.34,0.61,2.08,1,False
Steven Bergwijn,437,Spurs,MID,55,0,0,0,0,0,0,0,0,0,0,0,0,0,0.0,0.0,0.0,0.0,0,0.00,0.00,0.00,0.00,0,False
Sergio Reguilón,438,Spurs,DEF,45,0,0,0,0,0,0,0,0,0,0,0,0,0,0.0,0.0,0.0,0.0,0,0.00,0.00,0.00,0.00,0,False
Japhet Tanganga,439,Spurs,DEF,40,0,0,0,0,0,0,0,0,0,0,0,0,0,0.0,0.0,0.0,0.0,0,0.00,0.00,0.00,0.00,0,False
Rodrigo Bentancur,440,Spurs,MID,55,74,0,0,0,3,0,0,0,0,0,0,0,11,7.2,2.3,0.0,1.0,1,0.00,0.01,0.01,1.94,2,False
Oliver Skipp,441,Spurs,MID,45,0,0,0,0,0,0,0,0,0,0,0,0,0,0.0,0.0,0.0,0.0,0,0.00,0.00,0.00,0.00,0,False
Joe Rodon,442,Spurs,DEF,40,0,0,0,0,0,0,0,0,0,0,0,0,0,0.0,0.0,0.0,0.0,0,0.00,0.00,0.00,0.00,0,False
Cristian Romero,443,Spurs,DEF,50,180,0,0,0,6,0,0,0,2,0,0,0,18,28.4,3.1,3.0,3.4,2,0.04,0.02,0.06,4.11,-1,False
Yves Bissouma,444,Spurs,MID,50,29,0,0,0,1,0,0,0,0,0,0,0,9,7.2,21.1,0.0,2.8,0,0.00,0.02,0.02,0.60,2,False
Emerson Leite de Souza Junior,445,Spurs,DEF,50,77,1,0,0,3,0,0,0,0,0,0,0,27,45.6,2.6,36.0,8.4,1,0.12,0.04,0.16,1.94,7,False
Dejan Kulusevski,446,Spurs,MID,80,177,1,0,0,6,0,0,0,0,0,0,2,40,61.6,60.1,44.0,16.6,2,0.21,0.51,0.72,4.11,11,False
Dane Scarlett,447,Spurs,FWD,45,0,0,0,0,0,0,0,0,0,0,0,0,0,0.0,0.0,0.0,0.0,0,0.00,0.00,0.00,0.00,0,False
Ivan Perišić,448,Spurs,DEF,55,82,0,0,0,3,0,0,0,0,0,0,0,5,12.2,1.4,5.0,1.8,1,0.34,0.01,0.35,2.03,2,False
Harvey White,449,Spurs,MID,45,0,0,0,0,0,0,0,0,0,0,0,0,0,0.0,0.0,0.0,0.0,0,0.00,0.00,0.00,0.00,0,False
Pape Matar Sarr,450,Spurs,MID,45,75,0,0,0,2,0,0,0,1,0,0,0,11,12.4,13.3,2.0,2.8,1,0.00,0.02,0.02,1.57,1,False
Brandon Austin,451,Spurs,GK,40,0,0,0,0,0,0,0,0,0,0,0,0,0,0.0,0.0,0.0,0.0,0,0.00,0.00,0.00,0.00,0,False
Alfie Devine,452,Spurs,MID,45,0,0,0,0,0,0,0,0,0,0,0,0,0,0.0,0.0,0.0,0.0,0,0.00,0.00,0.00,0.00,0,False
Troy Parrott,453,Spurs,FWD,45,0,0,0,0,0,0,0,0,0,0,0,0,0,0.0,0.0,0.0,0.0,0,0.00,0.00,0.00,0.00,0,False
Richarlison de Andrade,454,Spurs,FWD,85,31,0,0,0,1,0,0,0,0,0,0,0,2,7.4,0.9,23.0,3.1,0,0.12,0.01,0.13,0.66,2,False
Lukasz Fabianski,455,West Ham,GK,50,90,0,0,0,1,0,0,0,0,0,3,0,14,18.2,0.0,0.0,1.8,1,0.00,0.00,0.00,0.84,3,False
Angelo Ogbonna,456,West Ham,DEF,45,90,0,0,0,1,0,0,0,0,0,0,0,9,9.2,0.3,0.0,1.0,1,0.00,0.00,0.00,0.84,2,False
Aaron Cresswell,457,West Ham,DEF,50,90,0,0,0,1,0,0,0,0,0,0,0,15,16.2,10.4,5.0,3.2,1,0.03,0.10,0.13,0.84,2,False
Michail Antonio,458,West Ham,FWD,75,90,0,0,0,1,0,0,0,0,0,0,0,3,7.2,11.3,16.0,3.5,1,0.11,0.20,0.31,0.84,2,False
Craig Dawson,459,Wolves,DEF,50,0,0,0,0,0,0,0,0,0,0,0,0,0,0.0,0.0,0.0,0.0,0,0.00,0.00,0.00,0.00,0,False
Manuel Lanzini,460,West Ham,MID,55,0,0,0,0,0,0,0,0,0,0,0,0,0,0.0,0.0,0.0,0.0,0,0.00,0.00,0.00,0.00,0,False
Kurt Zouma,461,West Ham,DEF,45,0,0,0,0,0,0,0,0,0,0,0,0,0,0.0,0.0,0.0,0.0,0,0.00,0.00,0.00,0.00,0,False
Arthur Masuaku,462,West Ham,DEF,45,0,0,0,0,0,0,0,0,0,0,0,0,0,0.0,0.0,0.0,0.0,0,0.00,0.00,0.00,0.00,0,False
Vladimir Coufal,463,West Ham,DEF,45,90,0,0,0,1,0,0,0,0,0,0,0,12,13.4,30.2,10.0,5.4,1,0.13,0.06,0.19,0.84,2,False
Saïd Benrahma,464,West Ham,MID,60,30,0,0,0,0,0,0,0,0,0,0,0,9,17.4,25.6,21.0,6.4,0,0.14,0.04,0.18,0.23,1,False
Jarrod Bowen,465,West Ham,MID,85,90,0,0,0,1,0,0,0,0,0,0,0,8,16.0,19.2,37.0,7.2,1,0.25,0.06,0.31,0.84,2,False
Nikola Vlasic,466,West Ham,MID,50,0,0,0,0,0,0,0,0,0,0,0,0,0,0.0,0.0,0.0,0.0,0,0.00,0.00,0.00,0.00,0,False
Declan Rice,467,West Ham,MID,50,90,0,0,0,1,0,0,0,1,0,0,0,13,17.6,30.1,6.0,5.4,1,0.12,0.23,0.35,0.84,1,False
Tomas Soucek,468,West Ham,MID,55,59,0,0,0,1,0,0,0,0,0,0,0,3,7.0,1.0,11.0,1.9,1,0.06,0.11,0.17,0.61,1,False
Pablo Fornals Malla,469,West Ham,MID,55,75,0,0,0,1,0,0,0,0,0,0,0,10,11.4,16.3,8.0,3.6,1,0.02,0.10,0.12,0.69,2,False
Issa Diop,470,Fulham,DEF,45,90,0,0,0,1,0,0,0,0,0,0,0,8,36.0,0.3,0.0,3.6,1,0.00,0.03,0.03,2.13,2,False
Ben Johnson,471,West Ham,DEF,45,0,0,0,0,0,0,0,0,0,0,0,0,0,0.0,0.0,0.0,0.0,0,0.00,0.00,0.00,0.00,0,False
Nayef Aguerd,472,West Ham,DEF,50,90,0,0,0,1,0,0,0,1,0,0,0,13,28.4,0.6,0.0,2.9,1,0.00,0.01,0.01,0.84,1,False
Alphonse Areola,473,West Ham,GK,45,0,0,0,0,0,0,0,0,0,0,0,0,0,0.0,0.0,0.0,0.0,0,0.00,0.00,0.00,0.00,0,False
Willy Boly,474,Nott'm Forest,DEF,45,0,0,0,0,0,0,0,0,0,0,0,0,0,0.0,0.0,0.0,0.0,0,0.00,0.00,0.00,0.00,0,False
Conor Coady,475,Everton,DEF,50,90,0,0,0,2,0,0,0,0,0,0,0,11,11.4,0.9,2.0,1.4,1,0.00,0.01,0.01,1.24,1,False
Raúl Jiménez,476,Wolves,FWD,70,26,0,0,0,0,0,0,0,0,0,0,0,2,0.0,2.1,2.0,0.4,0,0.00,0.04,0.04,0.58,1,False
Jonathan Castro Otto,477,Wolves,DEF,45,0,0,0,0,0,0,0,0,0,0,0,0,0,0.0,0.0,0.0,0.0,0,0.00,0.00,0.00,0.00,0,False
José Malheiro de Sá,478,Wolves,GK,50,90,0,0,1,0,0,0,0,0,0,3,3,30,27.4,0.0,0.0,2.7,1,0.00,0.00,0.00,1.02,10,False
Leander Dendoncker,479,Aston Villa,MID,50,0,0,0,0,0,0,0,0,0,0,0,0,0,0.0,0.0,0.0,0.0,0,0.00,0.00,0.00,0.00,0,False
Rúben da Silva Neves,480,Wolves,MID,55,90,0,0,1,0,0,0,0,0,0,0,0,14,22.4,25.5,24.0,7.2,1,0.30,0.04,0.34,1.02,3,False
Hwang Hee-chan,481,Wolves,MID,60,72,0,0,1,0,0,0,0,0,0,0,0,10,8.0,33.8,4.0,4.6,1,0.00,0.06,0.06,0.47,3,False
Nélson Cabral Semedo,482,Wolves,DEF,50,90,0,0,1,0,0,0,0,0,0,0,1,29,22.6,4.3,4.0,3.1,1,0.02,0.03,0.05,1.02,7,False
Daniel Castelo Podence,483,Wolves,MID,55,63,1,0,1,0,0,0,0,0,0,0,0,25,33.8,12.9,21.0,6.8,1,0.17,0.02,0.19,0.44,8,False
Max Kilman,484,Wolves,DEF,45,90,0,0,1,0,0,0,0,0,0,0,3,30,46.4,0.7,2.0,4.9,1,0.00,0.00,0.00,1.02,9,True
Luke Cundle,485,Wolves,MID,45,0,0,0,0,0,0,0,0,0,0,0,0,0,0.0,0.0,0.0,0.0,0,0.00,0.00,0.00,0.00,0,False
Pedro Lomba Neto,486,Wolves,MID,55,0,0,0,0,0,0,0,0,0,0,0,0,0,0.0,0.0,0.0,0.0,0,0.00,0.00,0.00,0.00,0,False
Rayan Aït-Nouri,487,Wolves,DEF,45,26,0,0,0,0,0,0,0,0,0,0,0,2,5.2,2.1,13.0,2.0,0,0.07,0.01,0.08,0.58,1,False
Fabio Silva,488,Wolves,FWD,55,0,0,0,0,0,0,0,0,0,0,0,0,0,0.0,0.0,0.0,0.0,0,0.00,0.00,0.00,0.00,0,False
Toti António Gomes,489,Wolves,DEF,40,7,0,0,0,0,0,0,0,0,0,0,0,4,7.0,0.0,0.0,0.7,0,0.00,0.00,0.00,0.50,1,False
Francisco Jorge Tomás Oliveira,490,Wolves,MID,50,0,0,0,0,0,0,0,0,0,0,0,0,0,0.0,0.0,0.0,0.0,0,0.00,0.00,0.00,0.00,0,False
Adama Traoré Diarra,491,Wolves,MID,55,17,0,0,0,0,0,0,0,0,0,0,0,2,4.2,4.7,19.0,2.8,0,0.04,0.15,0.19,0.55,1,False
Matija Šarkić,492,Wolves,GK,40,0,0,0,0,0,0,0,0,0,0,0,0,0,0.0,0.0,0.0,0.0,0,0.00,0.00,0.00,0.00,0,False
Morgan Gibbs-White,493,Nott'm Forest,MID,55,90,0,2,1,0,0,0,0,0,0,0,1,32,50.4,54.0,40.0,14.4,1,0.28,0.22,0.50,1.02,10,False
Yerson Mosquera Valdelamar,494,Wolves,DEF,40,0,0,0,0,0,0,0,0,0,0,0,0,0,0.0,0.0,0.0,0.0,0,0.00,0.00,0.00,0.00,0,False
Remi Matthews,495,Crystal Palace,GK,40,0,0,0,0,0,0,0,0,0,0,0,0,0,0.0,0.0,0.0,0.0,0,0.00,0.00,0.00,0.00,0,False
Luke Plange,496,Crystal Palace,FWD,45,0,0,0,0,0,0,0,0,0,0,0,0,0,0.0,0.0,0.0,0.0,0,0.00,0.00,0.00,0.00,0,False
Adrián San Miguel del Castillo,497,Liverpool,GK,40,0,0,0,0,0,0,0,0,0,0,0,0,0,0.0,0.0,0.0,0.0,0,0.00,0.00,0.00,0.00,0,False
Rhys Williams,498,Liverpool,DEF,40,0,0,0,0,0,0,0,0,0,0,0,0,0,0.0,0.0,0.0,0.0,0,0.00,0.00,0.00,0.00,0,False
Sepp van den Berg,500,Liverpool,DEF,40,0,0,0,0,0,0,0,0,0,0,0,0,0,0.0,0.0,0.0,0.0,0,0.00,0.00,0.00,0.00,0,False
Nathaniel Phillips,501,Liverpool,DEF,40,0,0,0,0,0,0,0,0,0,0,0,0,0,0.0,0.0,0.0,0.0,0,0.00,0.00,0.00,0.00,0,False
Scott Carson,502,Man City,GK,40,0,0,0,0,0,0,0,0,0,0,0,0,0,0.0,0.0,0.0,0.0,0,0.00,0.00,0.00,0.00,0,False
João Filipe Iria Santos Moutinho,503,Wolves,MID,50,72,0,0,1,0,0,0,0,0,0,0,0,16,10.2,35.9,8.0,5.4,1,0.04,0.07,0.11,0.47,3,False
Tyrell Malacia,504,Man Utd,DEF,45,90,0,0,0,1,0,0,0,0,0,0,0,13,11.4,1.5,0.0,1.3,1,0.00,0.01,0.01,0.65,2,False
Joe Rothwell,505,Bournemouth,MID,50,12,0,0,0,0,0,0,0,0,0,0,0,3,0.6,0.7,0.0,0.1,0,0.00,0.01,0.01,0.16,1,False
Tyler Adams,506,Leeds,MID,50,90,0,0,0,2,0,0,0,0,0,0,0,8,19.4,13.7,2.0,3.5,1,0.00,0.02,0.02,1.28,2,False
Moussa Niakhaté,507,Nott'm Forest,DEF,45,0,0,0,0,0,0,0,0,0,0,0,0,0,0.0,0.0,0.0,0.0,0,0.00,0.00,0.00,0.00,0,False
Luis Sinisterra Lucumí,508,Leeds,MID,65,0,0,0,0,0,0,0,0,0,0,0,0,0,0.0,0.0,0.0,0.0,0,0.00,0.00,0.00,0.00,0,False
Flynn Downes,509,West Ham,MID,45,0,0,0,0,0,0,0,0,0,0,0,0,0,0.0,0.0,0.0,0.0,0,0.00,0.00,0.00,0.00,0,False
Aaron Hickey,510,Brentford,DEF,50,0,0,0,0,0,0,0,0,0,0,0,0,0,0.0,0.0,0.0,0.0,0,0.00,0.00,0.00,0.00,0,False
Omar Richards,511,Nott'm Forest,DEF,45,0,0,0,0,0,0,0,0,0,0,0,0,0,0.0,0.0,0.0,0.0,0,0.00,0.00,0.00,0.00,0,False
Joe Ayodele-Aribo,512,Southampton,MID,55,0,0,0,0,0,0,0,0,0,0,0,0,0,0.0,0.0,0.0,0.0,0,0.00,0.00,0.00,0.00,0,False
Clément Lenglet,513,Spurs,DEF,50,99,0,0,0,3,0,0,0,1,0,0,0,10,11.4,17.0,2.0,3.0,1,0.00,0.04,0.04,2.17,1,False
Cheick Doucouré,514,Crystal Palace,MID,50,160,0,0,0,2,0,0,0,1,0,0,0,19,42.2,34.4,9.0,8.5,2,0.03,0.07,0.10,2.93,3,False
Keane Lewis-Potter,515,Brentford,MID,55,1,0,0,0,0,0,0,0,0,0,0,0,3,0.0,0.1,0.0,0.0,0,0.00,0.00,0.00,0.02,1,False
Nathan Collins,516,Wolves,DEF,45,90,0,0,1,0,0,0,0,0,0,0,0,28,25.2,0.5,0.0,2.6,1,0.00,0.00,0.00,1.02,6,False
Thomas Strakosha,517,Brentford,GK,45,0,0,0,0,0,0,0,0,0,0,0,0,0,0.0,0.0,0.0,0.0,0,0.00,0.00,0.00,0.00,0,False
Wayne Hennessey,518,Nott'm Forest,GK,40,0,0,0,0,0,0,0,0,0,0,0,0,0,0.0,0.0,0.0,0.0,0,0.00,0.00,0.00,0.00,0,False
Christian Eriksen,519,Man Utd,MID,65,153,0,1,1,1,0,0,0,1,0,0,1,28,22.6,41.5,2.0,6.6,2,0.00,0.20,0.20,1.09,8,False
Kalidou Koulibaly,520,Chelsea,DEF,55,12,0,0,0,0,0,0,0,0,0,0,0,3,1.4,0.1,0.0,0.2,0,0.00,0.00,0.00,0.11,1,False
Tyrese Francois,521,Fulham,MID,45,0,0,0,0,0,0,0,0,0,0,0,0,0,0.0,0.0,0.0,0.0,0,0.00,0.00,0.00,0.00,0,False
Djed Spence,522,Spurs,DEF,45,0,0,0,0,0,0,0,0,0,0,0,0,0,0.0,0.0,0.0,0.0,0,0.00,0.00,0.00,0.00,0,False
Harry Toffolo,523,Nott'm Forest,DEF,45,0,0,0,0,0,0,0,0,0,0,0,0,0,0.0,0.0,0.0,0.0,0,0.00,0.00,0.00,0.00,0,False
Lewis O'Brien,524,Nott'm Forest,MID,50,20,0,0,0,0,0,0,0,0,0,0,0,2,0.2,0.8,0.0,0.1,0,0.00,0.00,0.00,0.00,1,False
Ludwig Augustinsson,525,Aston Villa,DEF,45,0,0,0,0,0,0,0,0,0,0,0,0,0,0.0,0.0,0.0,0.0,0,0.00,0.00,0.00,0.00,0,False
Ben Mee,526,Brentford,DEF,45,90,0,0,1,0,0,0,0,0,0,0,1,28,15.2,0.8,6.0,2.2,1,0.08,0.00,0.08,0.47,7,False
Jesse Lingard,527,Nott'm Forest,MID,60,0,0,0,0,0,0,0,0,0,0,0,0,0,0.0,0.0,0.0,0.0,0,0.00,0.00,0.00,0.00,0,False
Sékou Mara,528,Southampton,FWD,55,5,0,0,0,0,0,0,0,0,0,0,0,0,0.0,1.1,2.0,0.1,0,0.00,0.00,0.00,0.12,1,False
Gianluca Scamacca,529,West Ham,FWD,70,14,0,0,0,0,0,0,0,0,0,0,0,1,2.2,10.3,8.0,2.1,0,0.12,0.01,0.13,0.15,1,False
Chris Richards,530,Crystal Palace,DEF,45,90,0,0,0,1,0,0,0,0,0,0,0,12,19.2,0.1,5.0,2.4,1,0.02,0.00,0.02,2.10,2,False
Rúben Nascimento Vinagre,531,Everton,DEF,45,0,0,0,0,0,0,0,0,0,0,0,0,0,0.0,0.0,0.0,0.0,0,0.00,0.00,0.00,0.00,0,False
Kevin Mbabu,532,Fulham,DEF,45,0,0,0,0,0,0,0,0,0,0,0,0,0,0.0,0.0,0.0,0.0,0,0.00,0.00,0.00,0.00,0,False
Lisandro Martínez,533,Man Utd,DEF,45,91,0,0,0,1,0,0,0,1,0,0,0,21,35.6,22.0,2.0,6.0,1,0.00,0.04,0.04,0.55,2,False
Dwight McNeil,534,Everton,MID,55,0,0,0,0,0,0,0,0,0,0,0,0,0,0.0,0.0,0.0,0.0,0,0.00,0.00,0.00,0.00,0,False
Marcus Tavernier,535,Bournemouth,MID,50,0,0,0,0,0,0,0,0,0,0,0,0,0,0.0,0.0,0.0,0.0,0,0.00,0.00,0.00,0.00,0,False
Orel Mangala,536,Nott'm Forest,MID,50,69,0,0,1,0,0,0,0,0,0,0,0,11,9.2,2.4,0.0,1.2,1,0.00,0.01,0.01,1.02,3,False
Kaine Kesler Hayden,537,Aston Villa,DEF,40,0,0,0,0,0,0,0,0,0,0,0,0,0,0.0,0.0,0.0,0.0,0,0.00,0.00,0.00,0.00,0,False
Ashley Young,538,Aston Villa,DEF,45,90,0,0,0,1,0,0,0,0,0,0,0,9,31.0,0.5,0.0,3.2,1,0.00,0.01,0.01,2.38,2,False
James Hill,539,Bournemouth,DEF,45,0,0,0,0,0,0,0,0,0,0,0,0,0,0.0,0.0,0.0,0.0,0,0.00,0.00,0.00,0.00,0,False
Fin Stevens,540,Brentford,DEF,40,0,0,0,0,0,0,0,0,0,0,0,0,0,0.0,0.0,0.0,0.0,0,0.00,0.00,0.00,0.00,0,False
Halil Dervişoğlu,541,Brentford,FWD,45,0,0,0,0,0,0,0,0,0,0,0,0,0,0.0,0.0,0.0,0.0,0,0.00,0.00,0.00,0.00,0,False
Kjell Scherpen,542,Brighton,GK,40,0,0,0,0,0,0,0,0,0,0,0,0,0,0.0,0.0,0.0,0.0,0,0.00,0.00,0.00,0.00,0,False
Matt Clarke,543,Brighton,DEF,40,0,0,0,0,0,0,0,0,0,0,0,0,0,0.0,0.0,0.0,0.0,0,0.00,0.00,0.00,0.00,0,False
Jan Paul van Hecke,544,Brighton,DEF,40,0,0,0,0,0,0,0,0,0,0,0,0,0,0.0,0.0,0.0,0.0,0,0.00,0.00,0.00,0.00,0,False
Emerson Palmieri dos Santos,545,West Ham,DEF,40,0,0,0,0,0,0,0,0,0,0,0,0,0,0.0,0.0,0.0,0.0,0,0.00,0.00,0.00,0.00,0,False
Luke Harris,546,Fulham,MID,45,0,0,0,0,0,0,0,0,0,0,0,0,0,0.0,0.0,0.0,0.0,0,0.00,0.00,0.00,0.00,0,False
Cody Drameh,547,Leeds,DEF,40,0,0,0,0,0,0,0,0,0,0,0,0,0,0.0,0.0,0.0,0.0,0,0.00,0.00,0.00,0.00,0,False
Daniel Iversen,548,Leicester,GK,40,0,0,0,0,0,0,0,0,0,0,0,0,0,0.0,0.0,0.0,0.0,0,0.00,0.00,0.00,0.00,0,False
Dennis Praet,549,Leicester,MID,50,22,0,0,0,1,0,0,0,0,0,0,0,4,1.4,2.1,0.0,0.4,0,0.00,0.01,0.01,0.78,1,False
Amad Diallo,550,Man Utd,MID,45,0,0,0,0,0,0,0,0,0,0,0,0,0,0.0,0.0,0.0,0.0,0,0.00,0.00,0.00,0.00,0,False
Zidane Iqbal,551,Man Utd,MID,45,0,0,0,0,0,0,0,0,0,0,0,0,0,0.0,0.0,0.0,0.0,0,0.00,0.00,0.00,0.00,0,False
Elliot Anderson,552,Newcastle,MID,45,0,0,0,0,0,0,0,0,0,0,0,0,0,0.0,0.0,0.0,0.0,0,0.00,0.00,0.00,0.00,0,False
Oliver Hammond,553,Nott'm Forest,MID,45,0,0,0,0,0,0,0,0,0,0,0,0,0,0.0,0.0,0.0,0.0,0,0.00,0.00,0.00,0.00,0,False
Bryan Gil Salvatierra,554,Spurs,MID,50,2,0,0,0,0,0,0,0,0,0,0,0,3,0.2,0.2,0.0,0.0,0,0.00,0.00,0.00,0.00,1,False
Harrison Ashby,555,Newcastle,DEF,40,0,0,0,0,0,0,0,0,0,0,0,0,0,0.0,0.0,0.0,0.0,0,0.00,0.00,0.00,0.00,0,False
Conor Coventry,556,West Ham,MID,45,0,0,0,0,0,0,0,0,0,0,0,0,0,0.0,0.0,0.0,0.0,0,0.00,0.00,0.00,0.00,0,False
Jackson Smith,557,Wolves,GK,40,0,0,0,0,0,0,0,0,0,0,0,0,0,0.0,0.0,0.0,0.0,0,0.00,0.00,0.00,0.00,0,False
Hugo Bueno López,558,Wolves,DEF,40,82,0,0,1,0,0,0,0,0,0,0,0,24,12.6,27.3,0.0,4.0,1,0.00,0.06,0.06,0.52,6,False
Levi Colwill,559,Brighton,DEF,45,90,0,0,1,0,0,0,0,0,0,0,2,32,17.4,23.7,0.0,4.1,1,0.00,0.10,0.10,1.03,8,False
Stanley Mills,560,Everton,MID,45,0,0,0,0,0,0,0,0,0,0,0,0,0,0.0,0.0,0.0,0.0,0,0.00,0.00,0.00,0.00,0,False
Lewis Warrington,561,Everton,MID,45,0,0,0,0,0,0,0,0,0,0,0,0,0,0.0,0.0,0.0,0.0,0,0.00,0.00,0.00,0.00,0,False
Manor Solomon,562,Fulham,MID,50,0,0,0,0,0,0,0,0,0,0,0,0,0,0.0,0.0,0.0,0.0,0,0.00,0.00,0.00,0.00,0,False
Luke Chambers,563,Liverpool,DEF,40,0,0,0,0,0,0,0,0,0,0,0,0,0,0.0,0.0,0.0,0.0,0,0.00,0.00,0.00,0.00,0,False
Stefan Bajcetic,564,Liverpool,MID,45,0,0,0,0,0,0,0,0,0,0,0,0,0,0.0,0.0,0.0,0.0,0,0.00,0.00,0.00,0.00,0,False
Archie Gray,565,Leeds,MID,45,0,0,0,0,0,0,0,0,0,0,0,0,0,0.0,0.0,0.0,0.0,0,0.00,0.00,0.00,0.00,0,False
Joseph Hodge,566,Wolves,MID,45,0,0,0,0,0,0,0,0,0,0,0,0,0,0.0,0.0,0.0,0.0,0,0.00,0.00,0.00,0.00,0,False
Connor Ronan,567,Wolves,MID,45,0,0,0,0,0,0,0,0,0,0,0,0,0,0.0,0.0,0.0,0.0,0,0.00,0.00,0.00,0.00,0,False
Chem Campbell,568,Wolves,MID,45,0,0,0,0,0,0,0,0,0,0,0,0,0,0.0,0.0,0.0,0.0,0,0.00,0.00,0.00,0.00,0,False
Alejandro Garnacho,569,Man Utd,MID,45,38,0,1,0,1,0,0,0,0,0,0,0,14,21.8,12.0,22.0,5.6,0,0.06,0.54,0.60,0.27,5,False
James Garner,570,Everton,MID,45,0,0,0,0,0,0,0,0,0,0,0,0,0,0.0,0.0,0.0,0.0,0,0.00,0.00,0.00,0.00,0,False
Darren Randolph,571,Bournemouth,GK,40,0,0,0,0,0,0,0,0,0,0,0,0,0,0.0,0.0,0.0,0.0,0,0.00,0.00,0.00,0.00,0,False
Armstrong Oko-Flex,572,West Ham,MID,45,0,0,0,0,0,0,0,0,0,0,0,0,0,0.0,0.0,0.0,0.0,0,0.00,0.00,0.00,0.00,0,False
Rico Lewis,573,Man City,DEF,40,82,0,0,0,2,0,0,0,0,0,0,0,13,11.2,4.7,7.0,2.3,1,0.03,0.03,0.06,0.84,1,False
Norberto Murara Neto,574,Bournemouth,GK,45,90,0,0,0,2,0,0,0,1,0,2,0,9,12.6,0.0,0.0,1.3,1,0.00,0.00,0.00,1.47,0,False
Maxwel Cornet,575,West Ham,MID,60,0,0,0,0,0,0,0,0,0,0,0,0,0,0.0,0.0,0.0,0.0,0,0.00,0.00,0.00,0.00,0,False
Marcos Senesi,576,Bournemouth,DEF,45,77,0,0,0,2,0,0,0,0,0,0,0,10,6.8,0.6,0.0,0.7,1,0.00,0.00,0.00,1.30,1,False
Amadou Onana,577,Everton,MID,50,90,1,0,0,2,0,0,0,0,0,0,2,32,47.4,3.1,35.0,8.6,1,0.20,0.01,0.21,1.24,9,False
Joel Robles,578,Leeds,GK,40,0,0,0,0,0,0,0,0,0,0,0,0,0,0.0,0.0,0.0,0.0,0,0.00,0.00,0.00,0.00,0,False
Gonçalo Manuel Ganchinho Guedes,579,Wolves,MID,60,0,0,0,0,0,0,0,0,0,0,0,0,0,0.0,0.0,0.0,0.0,0,0.00,0.00,0.00,0.00,0,False
Mikkel Damsgaard,580,Brentford,MID,55,8,0,0,0,0,0,0,0,0,0,0,0,2,0.4,0.4,1.0,0.2,0,0.07,0.00,0.07,0.02,1,False
Alex Smithies,581,Leicester,GK,40,0,0,0,0,0,0,0,0,0,0,0,0,0,0.0,0.0,0.0,0.0,0,0.00,0.00,0.00,0.00,0,False
Remo Freuler,582,Nott'm Forest,MID,50,90,0,0,1,0,0,0,0,0,0,0,0,13,15.8,25.8,4.0,4.6,1,0.08,0.07,0.15,1.02,3,False
Cheikhou Kouyaté,583,Nott'm Forest,MID,45,0,0,0,0,0,0,0,0,0,0,0,0,0,0.0,0.0,0.0,0.0,0,0.00,0.00,0.00,0.00,0,False
Bobby Clark,584,Liverpool,MID,45,0,0,0,0,0,0,0,0,0,0,0,0,0,0.0,0.0,0.0,0.0,0,0.00,0.00,0.00,0.00,0,False
Emmanuel Dennis,585,Nott'm Forest,FWD,60,0,0,0,0,0,0,0,0,0,0,0,0,0,0.0,0.0,0.0,0.0,0,0.00,0.00,0.00,0.00,0,False
Pervis Estupiñán,586,Brighton,DEF,45,90,0,0,1,0,0,0,0,0,0,0,0,25,10.4,14.4,8.0,3.3,1,0.00,0.02,0.02,1.03,6,False
Sergio Gómez,587,Man City,DEF,45,0,0,0,0,0,0,0,0,0,0,0,0,0,0.0,0.0,0.0,0.0,0,0.00,0.00,0.00,0.00,0,False
Thilo Kehrer,588,West Ham,DEF,45,0,0,0,0,0,0,0,0,0,0,0,0,0,0.0,0.0,0.0,0.0,0,0.00,0.00,0.00,0.00,0,False
Matheus Luiz Nunes,589,Wolves,MID,50,90,0,0,1,0,0,0,0,0,0,0,0,12,11.0,13.3,11.0,3.5,1,0.06,0.03,0.09,1.02,3,False
Joseph Whitworth,590,Crystal Palace,GK,40,0,0,0,0,0,0,0,0,0,0,0,0,0,0.0,0.0,0.0,0.0,0,0.00,0.00,0.00,0.00,0,False
Terry Ablade,591,Fulham,FWD,45,0,0,0,0,0,0,0,0,0,0,0,0,0,0.0,0.0,0.0,0.0,0,0.00,0.00,0.00,0.00,0,False
Harvey Davies,592,Liverpool,GK,40,0,0,0,0,0,0,0,0,0,0,0,0,0,0.0,0.0,0.0,0.0,0,0.00,0.00,0.00,0.00,0,False
Carlos Henrique Casimiro,593,Man Utd,MID,50,180,0,1,0,2,0,0,0,2,0,0,2,27,67.6,50.2,13.0,13.1,2,0.86,0.33,1.19,1.20,7,False
Alexander Isak,594,Newcastle,FWD,70,19,1,0,0,0,0,0,0,0,0,0,3,26,35.6,10.8,35.0,8.1,0,0.75,0.02,0.77,0.09,8,False
Mathias Jorgensen,595,Brentford,DEF,40,8,0,0,0,0,0,0,0,0,0,0,0,3,2.2,0.3,0.0,0.3,0,0.00,0.00,0.00,0.02,1,False
Evan Ferguson,596,Brighton,FWD,45,65,0,1,1,0,0,0,0,0,0,0,0,15,23.2,26.3,25.0,7.5,1,0.07,0.20,0.27,0.89,5,False
Christian Saydee,597,Bournemouth,FWD,45,0,0,0,0,0,0,0,0,0,0,0,0,0,0.0,0.0,0.0,0.0,0,0.00,0.00,0.00,0.00,0,False
Owen Bevan,598,Bournemouth,DEF,40,0,0,0,0,0,0,0,0,0,0,0,0,0,0.0,0.0,0.0,0.0,0,0.00,0.00,0.00,0.00,0,False
Claudio Gomes,599,Man City,MID,45,0,0,0,0,0,0,0,0,0,0,0,0,0,0.0,0.0,0.0,0.0,0,0.00,0.00,0.00,0.00,0,False
Ben Knight,600,Man City,MID,45,0,0,0,0,0,0,0,0,0,0,0,0,0,0.0,0.0,0.0,0.0,0,0.00,0.00,0.00,0.00,0,False
Kaden Rodney,601,Crystal Palace,MID,45,0,0,0,0,0,0,0,0,0,0,0,0,0,0.0,0.0,0.0,0.0,0,0.00,0.00,0.00,0.00,0,False
Renan Augusto Lodi dos Santos,602,Nott'm Forest,DEF,45,90,0,0,1,0,0,0,0,0,0,0,0,20,17.0,12.9,4.0,3.4,1,0.10,0.04,0.14,1.02,6,False
Lucas Tolentino Coelho de Lima,603,West Ham,MID,60,90,0,0,0,1,0,0,0,0,0,0,0,12,13.0,27.5,6.0,4.7,1,0.03,0.08,0.11,0.84,2,False
Killian Phillips,604,Crystal Palace,MID,45,0,0,0,0,0,0,0,0,0,0,0,0,0,0.0,0.0,0.0,0.0,0,0.00,0.00,0.00,0.00,0,False
Reece Welch,605,Everton,DEF,40,0,0,0,0,0,0,0,0,0,0,0,0,0,0.0,0.0,0.0,0.0,0,0.00,0.00,0.00,0.00,0,False
Harvey Vale,606,Chelsea,MID,45,0,0,0,0,0,0,0,0,0,0,0,0,0,0.0,0.0,0.0,0.0,0,0.00,0.00,0.00,0.00,0,False
Matthew Smith,607,Arsenal,MID,45,0,0,0,0,0,0,0,0,0,0,0,0,0,0.0,0.0,0.0,0.0,0,0.00,0.00,0.00,0.00,0,False
Sasa Kalajdzic,608,Wolves,FWD,55,0,0,0,0,0,0,0,0,0,0,0,0,0,0.0,0.0,0.0,0.0,0,0.00,0.00,0.00,0.00,0,False
Antony Matheus dos Santos,609,Man Utd,MID,75,114,0,0,1,1,0,0,0,0,0,0,0,9,4.2,4.9,14.0,2.3,1,0.17,0.11,0.28,0.85,4,False
Manuel Akanji,610,Man City,DEF,50,180,0,0,0,4,0,0,0,0,0,0,0,34,34.0,3.9,2.0,4.0,2,0.00,0.02,0.02,2.59,2,False
Idrissa Gueye,611,Everton,MID,50,81,0,0,0,2,0,0,0,0,0,0,0,9,11.2,3.0,0.0,1.4,1,0.00,0.01,0.01,1.24,2,False
Wout Faes,612,Leicester,DEF,45,90,0,0,0,2,0,0,0,0,0,0,0,17,19.4,0.5,0.0,2.0,1,0.00,0.01,0.01,2.14,1,False
Layvin Kurzawa,613,Fulham,DEF,45,90,0,0,0,1,0,0,0,1,0,0,0,7,14.2,4.5,0.0,1.9,1,0.00,0.03,0.03,2.13,1,False
Willian Borges da Silva,614,Fulham,MID,55,76,0,0,1,0,0,0,0,0,0,0,0,7,0.0,1.9,2.0,0.4,1,0.00,0.02,0.02,1.18,3,False
Matej Kovár,615,Man Utd,GK,40,0,0,0,0,0,0,0,0,0,0,0,0,0,0.0,0.0,0.0,0.0,0,0.00,0.00,0.00,0.00,0,False
Denis Zakaria,616,Chelsea,MID,50,0,0,0,0,0,0,0,0,0,0,0,0,0,0.0,0.0,0.0,0.0,0,0.00,0.00,0.00,0.00,0,False
Pierre-Emerick Aubameyang,617,Chelsea,FWD,90,27,0,0,0,0,0,0,0,0,0,0,0,-2,6.2,0.7,39.0,4.6,0,0.19,0.00,0.19,0.11,1,False
Carlos Vinícius Alves Morais,618,Fulham,FWD,55,1,0,0,0,0,0,0,0,0,0,0,0,3,0.0,0.0,0.0,0.0,0,0.00,0.00,0.00,0.00,1,False
Wilfried Gnonto,619,Leeds,FWD,50,90,0,0,0,2,0,0,0,0,0,0,0,-3,10.4,24.7,36.0,7.1,1,0.37,0.14,0.51,1.28,2,False
Arthur Henrique Ramos de Oliveira Melo,620,Liverpool,MID,50,0,0,0,0,0,0,0,0,0,0,0,0,0,0.0,0.0,0.0,0.0,0,0.00,0.00,0.00,0.00,0,False
Loïc Badé,621,Nott'm Forest,DEF,45,0,0,0,0,0,0,0,0,0,0,0,0,0,0.0,0.0,0.0,0.0,0,0.00,0.00,0.00,0.00,0,False
Juan Larios López,622,Southampton,DEF,40,0,0,0,0,0,0,0,0,0,0,0,0,0,0.0,0.0,0.0,0.0,0,0.00,0.00,0.00,0.00,0,False
Duje Caleta-Car,623,Southampton,DEF,45,90,0,0,0,1,0,0,0,0,0,0,0,22,30.4,0.2,0.0,3.1,1,0.00,0.00,0.00,1.41,2,False
Samuel Edozie,624,Southampton,MID,50,60,0,0,0,1,0,0,0,0,0,0,0,9,9.8,22.7,13.0,4.6,1,0.10,0.08,0.18,0.73,2,False
Diego Da Silva Costa,625,Wolves,FWD,55,0,0,0,0,0,0,0,0,0,0,0,0,0,0.0,0.0,0.0,0.0,0,0.00,0.00,0.00,0.00,0,False
Loris Karius,626,Newcastle,GK,40,0,0,0,0,0,0,0,0,0,0,0,0,0,0.0,0.0,0.0,0.0,0,0.00,0.00,0.00,0.00,0,False
Eldin Jakupovic,627,Everton,GK,40,0,0,0,0,0,0,0,0,0,0,0,0,0,0.0,0.0,0.0,0.0,0,0.00,0.00,0.00,0.00,0,False
Serge Aurier,628,Nott'm Forest,DEF,45,90,0,0,1,0,0,0,0,0,0,0,2,36,33.0,25.8,4.0,6.3,1,0.00,0.30,0.30,1.02,8,False
Boubacar Traoré,629,Wolves,MID,45,0,0,0,0,0,0,0,0,0,0,0,0,0,0.0,0.0,0.0,0.0,0,0.00,0.00,0.00,0.00,0,False
Ethan Nwaneri,630,Arsenal,MID,45,0,0,0,0,0,0,0,0,0,0,0,0,0,0.0,0.0,0.0,0.0,0,0.00,0.00,0.00,0.00,0,False
Lino Sousa,631,Arsenal,DEF,40,0,0,0,0,0,0,0,0,0,0,0,0,0,0.0,0.0,0.0,0.0,0,0.00,0.00,0.00,0.00,0,False
Ryan Trevitt,632,Brentford,MID,45,0,0,0,0,0,0,0,0,0,0,0,0,0,0.0,0.0,0.0,0.0,0,0.00,0.00,0.00,0.00,0,False
Matthew Cox,633,Brentford,GK,40,0,0,0,0,0,0,0,0,0,0,0,0,0,0.0,0.0,0.0,0.0,0,0.00,0.00,0.00,0.00,0,False
John-Kymani Gordon,634,Crystal Palace,FWD,45,0,0,0,0,0,0,0,0,0,0,0,0,0,0.0,0.0,0.0,0.0,0,0.00,0.00,0.00,0.00,0,False
Marcus Bettinelli,635,Chelsea,GK,40,0,0,0,0,0,0,0,0,0,0,0,0,0,0.0,0.0,0.0,0.0,0,0.00,0.00,0.00,0.00,0,False
Stefan Parkes,636,Fulham,DEF,40,0,0,0,0,0,0,0,0,0,0,0,0,0,0.0,0.0,0.0,0.0,0,0.00,0.00,0.00,0.00,0,False
Kyle John,637,Everton,DEF,40,0,0,0,0,0,0,0,0,0,0,0,0,0,0.0,0.0,0.0,0.0,0,0.00,0.00,0.00,0.00,0,False
Lamare Bogarde,638,Aston Villa,DEF,40,0,0,0,0,0,0,0,0,0,0,0,0,0,0.0,0.0,0.0,0.0,0,0.00,0.00,0.00,0.00,0,False
Sammy Braybrooke,639,Leicester,MID,45,0,0,0,0,0,0,0,0,0,0,0,0,0,0.0,0.0,0.0,0.0,0,0.00,0.00,0.00,0.00,0,False
Ed Turns,640,Brighton,DEF,40,0,0,0,0,0,0,0,0,0,0,0,0,0,0.0,0.0,0.0,0.0,0,0.00,0.00,0.00,0.00,0,False
Martial Godo,641,Fulham,MID,45,0,0,0,0,0,0,0,0,0,0,0,0,0,0.0,0.0,0.0,0.0,0,0.00,0.00,0.00,0.00,0,False
Kofi Balmer,642,Crystal Palace,DEF,40,0,0,0,0,0,0,0,0,0,0,0,0,0,0.0,0.0,0.0,0.0,0,0.00,0.00,0.00,0.00,0,False
Kobbie Mainoo,643,Man Utd,MID,45,0,0,0,0,0,0,0,0,0,0,0,0,0,0.0,0.0,0.0,0.0,0,0.00,0.00,0.00,0.00,0,False
Owen Goodman,644,Crystal Palace,GK,40,0,0,0,0,0,0,0,0,0,0,0,0,0,0.0,0.0,0.0,0.0,0,0.00,0.00,0.00,0.00,0,False
Joe Wormleighton,645,Leicester,DEF,40,0,0,0,0,0,0,0,0,0,0,0,0,0,0.0,0.0,0.0,0.0,0,0.00,0.00,0.00,0.00,0,False
Tristan Crama,646,Brentford,DEF,40,0,0,0,0,0,0,0,0,0,0,0,0,0,0.0,0.0,0.0,0.0,0,0.00,0.00,0.00,0.00,0,False
Lewis Payne,647,Southampton,MID,45,0,0,0,0,0,0,0,0,0,0,0,0,0,0.0,0.0,0.0,0.0,0,0.00,0.00,0.00,0.00,0,False
Ryan Finnigan,648,Southampton,MID,45,0,0,0,0,0,0,0,0,0,0,0,0,0,0.0,0.0,0.0,0.0,0,0.00,0.00,0.00,0.00,0,False
Cameron Plain,649,Bournemouth,GK,40,0,0,0,0,0,0,0,0,0,0,0,0,0,0.0,0.0,0.0,0.0,0,0.00,0.00,0.00,0.00,0,False
Yegor Yarmolyuk,650,Brentford,MID,45,0,0,0,0,0,0,0,0,0,0,0,0,0,0.0,0.0,0.0,0.0,0,0.00,0.00,0.00,0.00,0,False
Andrew Moran,651,Brighton,MID,45,0,0,0,0,0,0,0,0,0,0,0,0,0,0.0,0.0,0.0,0.0,0,0.00,0.00,0.00,0.00,0,False
James Furlong,652,Brighton,DEF,40,0,0,0,0,0,0,0,0,0,0,0,0,0,0.0,0.0,0.0,0.0,0,0.00,0.00,0.00,0.00,0,False
Omari Hutchinson,653,Chelsea,MID,45,0,0,0,0,0,0,0,0,0,0,0,0,0,0.0,0.0,0.0,0.0,0,0.00,0.00,0.00,0.00,0,False
Jack Wells-Morrison,654,Crystal Palace,MID,45,0,0,0,0,0,0,0,0,0,0,0,0,0,0.0,0.0,0.0,0.0,0,0.00,0.00,0.00,0.00,0,False
Karl Hein,655,Arsenal,GK,40,0,0,0,0,0,0,0,0,0,0,0,0,0,0.0,0.0,0.0,0.0,0,0.00,0.00,0.00,0.00,0,False
Nathan Bishop,656,Man Utd,GK,40,0,0,0,0,0,0,0,0,0,0,0,0,0,0.0,0.0,0.0,0.0,0,0.00,0.00,0.00,0.00,0,False
Nathan Fraser,657,Wolves,FWD,45,0,0,0,0,0,0,0,0,0,0,0,0,0,0.0,0.0,0.0,0.0,0,0.00,0.00,0.00,0.00,0,False
Harvey Griffiths,658,Wolves,MID,45,0,0,0,0,0,0,0,0,0,0,0,0,0,0.0,0.0,0.0,0.0,0,0.00,0.00,0.00,0.00,0,False
Mateo Joseph Fernández,659,Leeds,FWD,45,0,0,0,0,0,0,0,0,0,0,0,0,0,0.0,0.0,0.0,0.0,0,0.00,0.00,0.00,0.00,0,False
Shola Shoretire,660,Man Utd,FWD,45,0,0,0,0,0,0,0,0,0,0,0,0,0,0.0,0.0,0.0,0.0,0,0.00,0.00,0.00,0.00,0,False
Lewis Hall,661,Chelsea,MID,45,77,0,0,1,0,0,0,0,0,0,0,0,10,9.8,15.0,8.0,3.3,1,0.08,0.07,0.15,0.47,3,False
Thomas Cannon,662,Everton,FWD,45,0,0,0,0,0,0,0,0,0,0,0,0,0,0.0,0.0,0.0,0.0,0,0.00,0.00,0.00,0.00,0,False
Sonny Perkins,663,Leeds,FWD,45,0,0,0,0,0,0,0,0,0,0,0,0,0,0.0,0.0,0.0,0.0,0,0.00,0.00,0.00,0.00,0,False
Dexter Lembikisa,664,Wolves,DEF,40,0,0,0,0,0,0,0,0,0,0,0,0,0,0.0,0.0,0.0,0.0,0,0.00,0.00,0.00,0.00,0,False
Ben Doak,665,Liverpool,MID,45,21,0,0,0,1,0,0,0,0,0,0,0,-1,3.4,1.1,2.0,0.7,0,0.00,0.00,0.00,0.82,1,False
Dale Taylor,666,Nott'm Forest,FWD,45,0,0,0,0,0,0,0,0,0,0,0,0,0,0.0,0.0,0.0,0.0,0,0.00,0.00,0.00,0.00,0,False
Kristian Sekularac,667,Fulham,MID,45,0,0,0,0,0,0,0,0,0,0,0,0,0,0.0,0.0,0.0,0.0,0,0.00,0.00,0.00,0.00,0,False
Amario Cozier-Duberry,668,Arsenal,MID,45,0,0,0,0,0,0,0,0,0,0,0,0,0,0.0,0.0,0.0,0.0,0,0.00,0.00,0.00,0.00,0,False
Divin Mubama,669,West Ham,FWD,45,0,0,0,0,0,0,0,0,0,0,0,0,0,0.0,0.0,0.0,0.0,0,0.00,0.00,0.00,0.00,0,False
Filip Marschall,670,Aston Villa,GK,40,0,0,0,0,0,0,0,0,0,0,0,0,0,0.0,0.0,0.0,0.0,0,0.00,0.00,0.00,0.00,0,False
Jimmy Morgan,671,Southampton,FWD,45,0,0,0,0,0,0,0,0,0,0,0,0,0,0.0,0.0,0.0,0.0,0,0.00,0.00,0.00,0.00,0,False
Kadan Young,672,Aston Villa,MID,45,0,0,0,0,0,0,0,0,0,0,0,0,0,0.0,0.0,0.0,0.0,0,0.00,0.00,0.00,0.00,0,False
Bashir Humphreys,673,Chelsea,DEF,45,0,0,0,0,0,0,0,0,0,0,0,0,0,0.0,0.0,0.0,0.0,0,0.00,0.00,0.00,0.00,0,False
Rhys Bennett,674,Man Utd,DEF,40,0,0,0,0,0,0,0,0,0,0,0,0,0,0.0,0.0,0.0,0.0,0,0.00,0.00,0.00,0.00,0,False
Jordan Smith,675,Nott'm Forest,GK,40,0,0,0,0,0,0,0,0,0,0,0,0,0,0.0,0.0,0.0,0.0,0,0.00,0.00,0.00,0.00,0,False
David Ozoh,676,Crystal Palace,MID,45,0,0,0,0,0,0,0,0,0,0,0,0,0,0.0,0.0,0.0,0.0,0,0.00,0.00,0.00,0.00,0,False
Jack Hinshelwood,677,Brighton,MID,45,0,0,0,0,0,0,0,0,0,0,0,0,0,0.0,0.0,0.0,0.0,0,0.00,0.00,0.00,0.00,0,False
Isaac Price,678,Everton,MID,45,0,0,0,0,0,0,0,0,0,0,0,0,0,0.0,0.0,0.0,0.0,0,0.00,0.00,0.00,0.00,0,False
Facundo Buonanotte,679,Brighton,MID,45,0,0,0,0,0,0,0,0,0,0,0,0,0,0.0,0.0,0.0,0.0,0,0.00,0.00,0.00,0.00,0,False
Cody Gakpo,680,Liverpool,MID,80,90,0,0,0,3,0,0,0,0,0,0,0,5,1.6,0.9,12.0,1.5,1,0.08,0.01,0.09,2.24,2,False
Gustavo Henrique Furtado Scarpa,681,Nott'm Forest,MID,50,54,0,0,0,0,0,0,0,0,0,0,0,7,5.2,1.4,11.0,1.8,1,0.06,0.01,0.07,1.02,1,False
Matheus Santos Carneiro Da Cunha,682,Wolves,FWD,55,63,0,0,1,0,0,0,0,0,0,0,0,3,0.0,1.6,12.0,1.3,1,0.12,0.00,0.12,0.44,2,False
Garang Kuol,683,Newcastle,MID,45,0,0,0,0,0,0,0,0,0,0,0,0,0,0.0,0.0,0.0,0.0,0,0.00,0.00,0.00,0.00,0,False
David Datro Fofana,684,Chelsea,FWD,50,0,0,0,0,0,0,0,0,0,0,0,0,0,0.0,0.0,0.0,0.0,0,0.00,0.00,0.00,0.00,0,False
Nathan Butler-Oyedeji,685,Arsenal,FWD,45,0,0,0,0,0,0,0,0,0,0,0,0,0,0.0,0.0,0.0,0.0,0,0.00,0.00,0.00,0.00,0,False
Ellis Simms,686,Everton,FWD,45,8,0,0,0,0,0,0,0,0,0,0,0,3,0.2,0.5,0.0,0.1,0,0.00,0.00,0.00,0.00,1,False
Kasey McAteer,687,Leicester,MID,45,0,0,0,0,0,0,0,0,0,0,0,0,0,0.0,0.0,0.0,0.0,0,0.00,0.00,0.00,0.00,0,False
Kevin Schade,688,Brentford,MID,50,8,0,0,0,0,0,0,0,0,0,0,0,2,0.2,0.3,0.0,0.1,0,0.00,0.00,0.00,0.02,1,False
Benoît Badiashile,689,Chelsea,DEF,50,90,0,0,1,0,0,0,0,0,0,0,2,28,34.4,1.4,0.0,3.6,1,0.00,0.01,0.01,0.58,8,False
João Félix Sequeira,690,Chelsea,FWD,75,0,0,0,0,0,0,0,0,0,0,0,0,0,0.0,0.0,0.0,0.0,0,0.00,0.00,0.00,0.00,0,False
Maximilian Wöber,691,Leeds,DEF,45,24,0,0,0,0,0,0,0,0,0,0,0,6,4.8,0.2,7.0,1.2,0,0.08,0.00,0.08,0.59,1,False
Mislav Orsic,692,Southampton,MID,55,0,0,0,0,0,0,0,0,0,0,0,0,0,0.0,0.0,0.0,0.0,0,0.00,0.00,0.00,0.00,0,False
Carlos Alcaraz,693,Southampton,MID,50,29,0,0,0,0,0,0,0,0,0,0,0,4,7.2,10.5,2.0,2.0,0,0.00,0.01,0.01,0.68,1,False
Alexandre Moreno Lopera,694,Aston Villa,DEF,45,80,0,0,0,1,0,0,0,0,0,0,0,7,12.8,12.0,21.0,4.6,0,0.13,0.07,0.20,2.33,2,False
Daniel Adu-Adjei,695,Bournemouth,FWD,45,0,0,0,0,0,0,0,0,0,0,0,0,0,0.0,0.0,0.0,0.0,0,0.00,0.00,0.00,0.00,0,False
Michael Dacosta Gonzalez,696,Bournemouth,MID,45,0,0,0,0,0,0,0,0,0,0,0,0,0,0.0,0.0,0.0,0.0,0,0.00,0.00,0.00,0.00,0,False
Dominic Sadi,697,Bournemouth,FWD,45,0,0,0,0,0,0,0,0,0,0,0,0,0,0.0,0.0,0.0,0.0,0,0.00,0.00,0.00,0.00,0,False
Mario Lemina,698,Wolves,MID,45,17,0,0,0,0,0,0,0,0,0,0,0,2,6.0,1.4,2.0,0.9,0,0.01,0.04,0.05,0.55,1,False
Wout Weghorst,701,Man Utd,FWD,60,68,0,0,1,0,0,0,0,0,0,0,0,7,8.2,13.3,6.0,2.8,1,0.11,0.01,0.12,0.33,2,False
